Customer_ID,Age,Gender,Income_Level,Marital_Status,Education_Level,Occupation,Location,Purchase_Category,Purchase_Amount,Frequency_of_Purchase,Purchase_Channel,Brand_Loyalty,Product_Rating,Time_Spent_on_Product_Research(hours),Social_Media_Influence,Discount_Sensitivity,Return_Rate,Customer_Satisfaction,Engagement_with_Ads,Device_Used_for_Shopping,Payment_Method,Time_of_Purchase,Discount_Used,Customer_Loyalty_Program_Member,Purchase_Intent,Shipping_Preference,Time_to_Decision,Country,Age_Group
29-392-9296,49,Male,High,Married,High School,High,Huocheng,Food & Beverages,222.22,11,In-Store,3,1,2.0,Medium,Not Sensitive,1,5,High,Tablet,PayPal,2024-04-16,True,False,Wants-based,Standard,6,CN,46-55
84-649-5117,24,Female,Middle,Single,Master's,High,Huzhen,Office Supplies,426.22,2,Mixed,5,5,0.3,Low,Not Sensitive,1,7,Low,Smartphone,Debit Card,2024-03-15,True,True,Impulsive,No Preference,3,Unknown,18-25
90-144-9193,21,Female,Middle,Divorced,High School,Middle,Liren,Furniture,486.4,12,Online,2,5,1.0,High,Somewhat Sensitive,0,9,Low,Desktop,Debit Card,2024-03-15,True,False,Need-based,Express,13,Unknown,18-25
37-065-3182,24,Female,High,Divorced,Master's,Middle,Gråbo,Office Supplies,201.96,8,In-Store,3,5,0.0,Low,Very Sensitive,1,2,High,Desktop,Cash,2024-06-10,False,False,Need-based,Standard,7,Unknown,18-25
44-674-4037,33,Male,Middle,Divorced,Bachelor's,Middle,Punta Gorda,Mobile Accessories,389.7,12,In-Store,1,4,0.5,Low,Not Sensitive,0,4,High,Desktop,PayPal,2024-07-02,True,False,Planned,Express,12,US,26-35
78-116-8349,38,Female,High,Widowed,Bachelor's,Middle,Győr,Sports & Outdoors,238.93,5,Online,4,3,1.0,Medium,Very Sensitive,0,10,High,Tablet,Cash,2024-12-27,True,False,Planned,No Preference,1,HU,36-45
19-933-8095,34,Male,Middle,Single,Bachelor's,High,Gaosheng,Luxury Goods,61.22,7,In-Store,5,2,2.0,Low,Very Sensitive,1,7,High,Desktop,Debit Card,2024-08-05,True,True,Need-based,No Preference,5,Unknown,26-35
80-684-5072,32,Male,High,Married,High School,Middle,Rokytne,Animal Feed,79.81,4,Mixed,5,5,0.0,High,Not Sensitive,0,9,High,Smartphone,Debit Card,2024-07-16,False,True,Wants-based,Standard,14,Unknown,26-35
90-069-8934,40,Male,High,Divorced,Master's,High,Dhankutā,Hotels,109.29,3,Online,3,4,0.0,Medium,Somewhat Sensitive,2,2,High,Desktop,Debit Card,2024-08-11,False,True,Wants-based,Express,11,NP,36-45
45-073-7243,37,Male,High,Single,Bachelor's,High,Jindong,Furniture,356.45,6,Mixed,5,5,2.0,Low,Very Sensitive,0,7,Medium,Smartphone,Credit Card,2024-10-18,False,True,Planned,Standard,8,Unknown,36-45
95-478-2650,37,Female,Middle,Single,Bachelor's,Middle,São Roque,Software & Apps,461.0,7,Online,2,4,1.0,High,Not Sensitive,0,8,Low,Tablet,Cash,2024-07-10,False,True,Wants-based,Standard,9,BR,36-45
21-755-8745,37,Male,High,Widowed,High School,High,Montpellier,Packages),136.53,3,Mixed,2,4,2.0,High,Not Sensitive,1,3,High,Smartphone,PayPal,2024-05-31,True,True,Planned,Standard,10,FR,36-45
29-625-7057,31,Female,Middle,Single,Master's,Middle,Nesovice,Arts & Crafts,489.05,10,Online,5,3,0.0,High,Somewhat Sensitive,2,2,High,Desktop,PayPal,2024-09-04,True,True,Planned,Standard,7,Unknown,26-35
56-506-4709,50,Male,Middle,Married,Bachelor's,Middle,Glendale,Arts & Crafts,135.8,2,In-Store,2,5,1.0,Low,Somewhat Sensitive,1,2,High,Desktop,Debit Card,2024-11-16,False,True,Planned,No Preference,9,US,46-55
25-839-8670,45,Female,Middle,Widowed,High School,Middle,Tála,Health Supplements,382.24,12,In-Store,1,5,1.0,High,Very Sensitive,1,4,High,Tablet,PayPal,2024-07-06,True,True,Planned,Standard,3,Unknown,36-45
55-163-1389,24,Male,High,Divorced,Bachelor's,High,Nasielsk,Mobile Accessories,433.82,6,Online,3,2,1.0,Medium,Somewhat Sensitive,0,8,Medium,Desktop,Other,2024-06-29,False,True,Planned,Express,10,Unknown,18-25
17-198-5155,30,Female,High,Single,Bachelor's,High,Qianjin,Books,52.34,6,In-Store,3,4,1.0,Low,Somewhat Sensitive,1,5,Medium,Tablet,PayPal,2024-05-21,True,True,Planned,Express,13,Unknown,26-35
35-198-9248,21,Female,Middle,Widowed,High School,Middle,Rzewnie,Toys & Games,263.15,3,In-Store,1,5,1.0,High,Somewhat Sensitive,1,10,High,Tablet,Other,2024-03-04,True,False,Impulsive,Express,10,Unknown,18-25
19-999-0134,30,Male,Middle,Widowed,Bachelor's,Middle,Hongqi,Health Care,353.4,2,Online,2,3,2.0,Medium,Very Sensitive,0,1,Low,Tablet,Credit Card,2024-12-06,False,True,Impulsive,No Preference,3,Unknown,26-35
57-989-1487,46,Female,Middle,Divorced,High School,High,Oeoh,Software & Apps,329.41,5,In-Store,5,3,0.0,Medium,Somewhat Sensitive,1,1,High,Desktop,Cash,2024-10-21,True,True,Need-based,No Preference,2,Unknown,46-55
07-816-2673,46,Female,Middle,Married,Master's,Middle,Topol’noye,Food & Beverages,54.46,5,Online,4,5,1.0,High,Not Sensitive,1,1,Low,Tablet,Other,2024-11-17,False,False,Impulsive,Standard,1,Unknown,46-55
70-761-3550,43,Male,High,Widowed,Master's,Middle,Kovářov,Books,257.12,8,Online,2,1,0.0,High,Not Sensitive,2,1,High,Smartphone,Other,2024-07-24,True,False,Impulsive,No Preference,11,Unknown,36-45
21-734-0212,24,Female,Middle,Widowed,High School,High,Namur,Beauty & Personal Care,423.92,8,Mixed,3,1,2.0,Low,Somewhat Sensitive,0,9,High,Tablet,Credit Card,2024-08-24,False,True,Need-based,Standard,8,BE,18-25
76-148-9413,43,Other,High,Widowed,Master's,Middle,Benevides,Arts & Crafts,111.24,9,Mixed,5,2,0.0,Medium,Somewhat Sensitive,0,2,High,Smartphone,Credit Card,2024-08-06,True,False,Need-based,No Preference,12,BR,36-45
18-655-3670,29,Male,Middle,Widowed,High School,High,Prostřední Bečva,Office Supplies,449.13,9,In-Store,2,1,0.5,Medium,Not Sensitive,2,2,Low,Tablet,Credit Card,2024-06-12,False,False,Planned,No Preference,14,Unknown,26-35
72-431-5021,35,Female,High,Married,Master's,High,Oeiras,Animal Feed,427.48,6,Online,4,2,0.0,Medium,Not Sensitive,1,1,Low,Smartphone,Debit Card,2024-12-16,True,False,Impulsive,Standard,11,PT,26-35
07-479-3919,27,Female,Middle,Single,High School,High,Kýthnos,Sports & Outdoors,171.61,3,Online,3,1,2.0,Low,Very Sensitive,1,6,High,Desktop,Credit Card,2024-10-31,True,False,Planned,Express,8,Unknown,26-35
17-032-6274,40,Female,High,Married,Bachelor's,High,Rizal,Books,240.28,3,Online,3,5,2.0,High,Not Sensitive,2,7,Medium,Tablet,Cash,2024-12-07,True,True,Impulsive,Standard,4,PH,36-45
39-499-3854,25,Female,Middle,Married,Bachelor's,Middle,Huaidao,Hotels,166.0,10,Online,5,3,0.0,High,Not Sensitive,2,10,Medium,Smartphone,PayPal,2024-06-11,False,False,Impulsive,Express,5,Unknown,18-25
35-192-9050,32,Female,Middle,Married,Bachelor's,High,Hunkuyi,Animal Feed,395.97,9,In-Store,1,4,0.0,Medium,Very Sensitive,1,6,Low,Tablet,Debit Card,2024-08-18,True,True,Wants-based,Standard,1,Unknown,26-35
84-337-1016,19,Other,High,Widowed,High School,High,Longxing,Health Care,333.32,8,Online,1,5,0.0,Low,Very Sensitive,0,3,High,Smartphone,Credit Card,2024-10-05,True,False,Planned,No Preference,3,CN,18-25
75-083-3608,23,Male,Middle,Divorced,Master's,Middle,Hongguang,Sports & Outdoors,414.83,2,Mixed,2,4,0.5,High,Somewhat Sensitive,2,4,High,Desktop,Credit Card,2024-07-16,False,False,Planned,Express,8,Unknown,18-25
29-779-7209,34,Female,High,Widowed,Master's,High,Pilaya,Books,391.38,5,In-Store,5,2,2.0,Low,Not Sensitive,0,7,Low,Tablet,Other,2024-04-02,False,False,Need-based,No Preference,8,Unknown,26-35
12-409-5166,48,Male,Middle,Divorced,Bachelor's,High,Camp Ithier,Furniture,368.4,11,Online,2,5,1.0,High,Not Sensitive,0,3,High,Desktop,Credit Card,2024-06-21,False,False,Need-based,No Preference,13,Unknown,46-55
74-478-5950,37,Female,Middle,Divorced,Bachelor's,Middle,Luxi,Home Appliances,424.39,9,Mixed,3,1,1.0,High,Somewhat Sensitive,0,7,Low,Smartphone,Credit Card,2024-02-26,True,False,Wants-based,No Preference,13,Unknown,36-45
31-395-1286,47,Male,High,Married,High School,High,Ostashkov,Health Supplements,197.12,10,In-Store,4,4,0.0,Low,Somewhat Sensitive,1,1,Medium,Tablet,Other,2024-06-14,True,True,Wants-based,Standard,10,RU,46-55
60-838-4334,45,Male,High,Single,Bachelor's,High,Hongshanzui,Books,454.57,9,Mixed,2,5,1.0,Low,Somewhat Sensitive,0,1,Medium,Smartphone,Debit Card,2024-03-24,True,True,Wants-based,Express,1,Unknown,36-45
71-197-8227,37,Male,Middle,Divorced,High School,High,Tocoa,Electronics,298.38,4,Mixed,3,4,2.0,High,Very Sensitive,0,2,Low,Tablet,Cash,2024-04-27,False,True,Need-based,Standard,3,HN,36-45
15-530-3861,36,Male,High,Divorced,High School,High,Bayan Tuohai,Clothing,111.7,6,Online,4,5,0.0,Medium,Somewhat Sensitive,2,5,High,Tablet,Credit Card,2024-11-07,False,False,Planned,Standard,7,Unknown,36-45
05-465-8765,27,Female,High,Widowed,High School,Middle,Gjegjan,Luxury Goods,380.99,7,Mixed,1,2,1.0,Low,Somewhat Sensitive,0,1,Medium,Desktop,Cash,2024-12-09,True,True,Need-based,No Preference,8,Unknown,26-35
81-580-3810,36,Male,Middle,Married,High School,High,Créteil,Food & Beverages,79.0,10,Online,1,2,1.0,Medium,Very Sensitive,2,6,Low,Smartphone,Cash,2024-09-14,False,True,Planned,Standard,7,FR,36-45
74-353-6312,46,Female,Middle,Married,Bachelor's,Middle,Pameungpeuk,Groceries,113.88,2,Online,5,2,2.0,Medium,Not Sensitive,2,4,High,Tablet,PayPal,2024-03-29,False,False,Wants-based,Express,9,ID,46-55
78-824-1887,26,Male,Middle,Married,High School,Middle,Junshan,Travel & Leisure (Flights,121.57,4,Mixed,1,5,0.0,High,Not Sensitive,0,4,High,Desktop,Other,2024-06-06,False,True,Impulsive,No Preference,13,Unknown,26-35
31-218-0024,21,Female,High,Divorced,High School,Middle,Lewotola,Health Supplements,215.54,11,Online,3,1,2.0,Low,Somewhat Sensitive,2,6,High,Desktop,Credit Card,2024-04-08,True,True,Planned,No Preference,10,Unknown,18-25
15-711-4107,43,Male,High,Married,Bachelor's,High,Laocheng,Furniture,87.03,10,Mixed,1,1,0.0,Low,Very Sensitive,1,5,High,Desktop,PayPal,2024-08-11,False,True,Need-based,No Preference,7,Unknown,36-45
76-672-1193,19,Male,High,Divorced,High School,High,Guacarí,Travel & Leisure (Flights,111.75,4,In-Store,1,4,0.0,High,Not Sensitive,1,6,High,Tablet,Debit Card,2024-10-10,False,True,Impulsive,Standard,8,CO,18-25
46-503-5589,41,Female,High,Widowed,Master's,High,Sancang,Office Supplies,136.2,2,Mixed,3,2,2.0,Low,Not Sensitive,0,1,High,Tablet,PayPal,2024-06-15,True,True,Need-based,Express,9,Unknown,36-45
87-499-6916,48,Male,Middle,Married,High School,Middle,Ndewel,Food & Beverages,439.31,4,In-Store,3,2,1.0,Medium,Very Sensitive,0,6,Medium,Smartphone,Debit Card,2024-08-11,False,True,Wants-based,No Preference,7,Unknown,46-55
09-216-1957,31,Female,High,Divorced,Master's,Middle,Leśnica,Jewelry & Accessories,178.04,5,In-Store,5,1,2.0,Medium,Somewhat Sensitive,0,5,High,Tablet,Credit Card,2024-07-16,False,False,Need-based,No Preference,12,Unknown,26-35
23-253-2565,23,Female,High,Divorced,High School,High,Hinlayagan Ilaud,Toys & Games,461.09,8,Online,4,1,0.0,Medium,Somewhat Sensitive,0,4,Medium,Smartphone,Debit Card,2024-08-03,True,False,Need-based,No Preference,8,Unknown,18-25
90-093-0469,42,Male,Middle,Divorced,Bachelor's,High,Ōkuchi,Health Care,444.87,11,Online,5,4,0.0,Medium,Not Sensitive,1,8,Low,Desktop,Other,2024-11-29,False,False,Wants-based,No Preference,7,Unknown,36-45
38-935-1865,18,Female,High,Widowed,Bachelor's,High,Novoukrainskiy,Beauty & Personal Care,160.82,7,In-Store,3,1,1.0,High,Somewhat Sensitive,0,1,High,Smartphone,Cash,2024-07-09,True,True,Wants-based,No Preference,3,Unknown,18-25
70-895-5298,28,Female,Middle,Married,Master's,High,Pomar,Food & Beverages,450.66,7,In-Store,2,5,0.0,High,Somewhat Sensitive,2,4,Medium,Tablet,Credit Card,2024-06-13,False,True,Need-based,No Preference,9,Unknown,26-35
02-653-5884,42,Female,High,Married,Bachelor's,Middle,Zalţan,Arts & Crafts,164.27,6,Online,5,3,2.0,High,Not Sensitive,2,7,Low,Desktop,PayPal,2024-07-13,True,False,Wants-based,No Preference,14,Unknown,36-45
11-719-8800,37,Female,Middle,Widowed,Master's,High,Trélazé,Food & Beverages,346.36,12,Mixed,4,5,0.0,Medium,Somewhat Sensitive,0,7,Medium,Smartphone,Credit Card,2024-09-04,False,False,Need-based,Standard,14,Unknown,36-45
59-355-5251,33,Female,Middle,Widowed,High School,High,Messina,Animal Feed,377.77,9,Mixed,4,2,1.0,Medium,Not Sensitive,1,5,Medium,Tablet,Credit Card,2024-08-26,True,True,Impulsive,Standard,3,IT,26-35
82-572-9091,46,Female,Middle,Widowed,High School,Middle,Mrągowo,Travel & Leisure (Flights,163.41,2,In-Store,5,5,2.0,Low,Not Sensitive,1,8,High,Desktop,Other,2024-02-25,True,True,Need-based,Express,4,PL,46-55
08-733-0300,39,Female,Middle,Widowed,Bachelor's,High,Oslo,Books,247.51,10,Mixed,2,1,2.0,Low,Somewhat Sensitive,1,8,Low,Tablet,Credit Card,2024-07-01,True,False,Impulsive,Standard,2,NO,36-45
46-230-8307,38,Female,High,Single,Master's,Middle,La Roche-sur-Yon,Health Care,485.42,5,Online,1,2,2.0,High,Somewhat Sensitive,1,6,High,Desktop,Other,2024-11-13,True,False,Wants-based,No Preference,4,FR,36-45
13-792-4356,21,Male,High,Divorced,Bachelor's,Middle,Tianbao,Gardening & Outdoors,162.31,8,In-Store,5,1,1.0,High,Very Sensitive,1,2,Medium,Tablet,Credit Card,2024-10-05,False,False,Need-based,No Preference,11,Unknown,18-25
04-563-9091,37,Male,Middle,Widowed,Master's,High,Puqian,Office Supplies,328.21,7,Mixed,5,5,2.0,Low,Not Sensitive,2,2,Low,Smartphone,Credit Card,2024-02-14,False,False,Need-based,No Preference,12,Unknown,36-45
79-592-5396,30,Female,High,Married,Master's,High,Binalbagan,Sports & Outdoors,268.59,4,Online,3,3,1.0,High,Very Sensitive,1,1,Medium,Desktop,Debit Card,2024-04-05,True,True,Need-based,Standard,3,PH,26-35
39-952-4459,18,Female,High,Divorced,High School,High,Tessalit,Electronics,257.37,7,Online,3,3,0.0,Medium,Very Sensitive,2,5,Medium,Smartphone,PayPal,2024-02-01,True,False,Wants-based,Express,13,Unknown,18-25
67-935-7964,41,Female,Middle,Single,High School,High,Nikolayevsk,Office Supplies,205.49,4,In-Store,5,3,2.0,Low,Somewhat Sensitive,2,2,High,Tablet,Cash,2024-11-09,True,False,Need-based,Express,11,RU,36-45
26-828-2720,40,Male,High,Divorced,Master's,High,Dashuipo,Mobile Accessories,407.91,7,In-Store,2,5,0.0,Low,Not Sensitive,0,5,Low,Tablet,Other,2024-06-17,True,True,Need-based,Standard,14,Unknown,36-45
57-410-7415,33,Female,High,Divorced,Bachelor's,High,Týn nad Vltavou,Food & Beverages,254.73,6,Online,4,3,0.0,Medium,Very Sensitive,0,3,Low,Smartphone,Other,2024-06-01,True,True,Impulsive,Express,3,Unknown,26-35
62-989-8214,30,Female,Middle,Divorced,Bachelor's,High,Kaum Kaler,Clothing,397.78,12,Online,3,3,1.0,Medium,Not Sensitive,2,7,Medium,Smartphone,PayPal,2024-09-24,False,True,Impulsive,No Preference,11,Unknown,26-35
73-827-2774,33,Female,High,Married,Bachelor's,High,Gandapura,Electronics,305.29,3,Online,2,3,1.0,Medium,Very Sensitive,1,8,Medium,Desktop,Debit Card,2024-09-05,True,True,Impulsive,Standard,10,Unknown,26-35
57-345-3921,42,Female,High,Single,High School,Middle,Mondorf-les-Bains,Jewelry & Accessories,393.45,12,In-Store,3,1,0.0,Low,Somewhat Sensitive,2,10,Medium,Desktop,Credit Card,2024-10-06,False,False,Need-based,Express,12,Unknown,36-45
98-817-6731,30,Male,High,Married,Bachelor's,Middle,Manwakh,Health Supplements,58.49,6,Online,2,2,0.0,Medium,Very Sensitive,0,8,High,Tablet,Other,2024-07-29,True,True,Planned,Express,7,Unknown,26-35
27-806-4972,26,Female,High,Single,Master's,Middle,Obong,Health Care,469.22,6,In-Store,1,1,1.0,High,Not Sensitive,0,1,Low,Tablet,Credit Card,2024-08-07,False,False,Wants-based,No Preference,7,Unknown,26-35
15-640-6493,31,Male,High,Divorced,High School,Middle,Dālbandīn,Animal Feed,184.74,5,In-Store,4,4,0.0,Medium,Very Sensitive,1,5,High,Tablet,Debit Card,2024-11-27,False,True,Impulsive,No Preference,10,Unknown,26-35
58-788-8938,49,Male,High,Married,High School,Middle,Hachiōji,Health Supplements,427.1,8,Mixed,1,2,1.0,High,Somewhat Sensitive,0,2,Medium,Desktop,PayPal,2024-05-10,False,True,Planned,No Preference,5,JP,46-55
52-240-3825,34,Male,High,Widowed,High School,High,Jolo,Home Appliances,326.82,4,Mixed,3,2,1.0,High,Somewhat Sensitive,2,5,Medium,Tablet,Credit Card,2024-04-22,True,False,Planned,Standard,4,PH,26-35
76-982-8107,47,Female,Middle,Widowed,Master's,High,La Mohammedia,Electronics,85.61,2,Online,4,2,1.0,High,Not Sensitive,1,3,Low,Desktop,Other,2024-10-04,True,True,Need-based,Standard,5,TN,46-55
79-884-5600,36,Female,High,Widowed,Master's,Middle,Goiatuba,Books,245.14,4,Online,4,5,1.0,High,Very Sensitive,1,4,Medium,Smartphone,PayPal,2024-03-03,True,False,Impulsive,Standard,3,BR,36-45
80-607-9947,43,Male,High,Divorced,Bachelor's,Middle,Krajan Kidul Rojopolo,Toys & Games,439.91,5,Online,1,4,2.0,Low,Somewhat Sensitive,0,9,Medium,Smartphone,Other,2024-03-03,False,False,Need-based,Express,10,Unknown,36-45
54-164-2243,48,Male,Middle,Single,High School,Middle,Benito Juarez,Hotels,298.73,4,Online,1,5,1.0,High,Not Sensitive,0,2,Low,Tablet,Debit Card,2024-11-02,False,True,Need-based,No Preference,4,MX,46-55
14-784-5606,19,Other,High,Single,Bachelor's,High,Maní,Food & Beverages,395.01,2,Mixed,1,2,2.0,Medium,Very Sensitive,0,6,Medium,Desktop,Credit Card,2024-04-18,True,False,Wants-based,Standard,3,Unknown,18-25
47-992-7446,41,Male,Middle,Married,Bachelor's,High,Vitali,Electronics,371.19,10,Mixed,1,2,2.0,High,Somewhat Sensitive,1,8,Medium,Desktop,Credit Card,2024-08-27,False,False,Planned,Express,1,Unknown,36-45
37-513-5073,33,Female,Middle,Married,Master's,High,Mizque,Electronics,193.76,10,Mixed,4,3,1.0,Medium,Not Sensitive,0,2,Low,Desktop,Debit Card,2024-02-03,False,False,Wants-based,No Preference,12,BO,26-35
72-830-1211,38,Male,High,Single,Bachelor's,High,Cipolletti,Jewelry & Accessories,496.11,2,Mixed,2,3,1.0,High,Somewhat Sensitive,2,8,High,Smartphone,PayPal,2024-06-08,True,False,Impulsive,Standard,12,AR,36-45
40-232-5631,47,Other,Middle,Single,Bachelor's,Middle,Suvorov,Software & Apps,227.47,2,Online,2,2,2.0,Low,Very Sensitive,1,4,High,Tablet,Other,2024-10-30,True,False,Need-based,Express,9,RU,46-55
22-414-4955,35,Male,High,Widowed,Bachelor's,High,Dragash,Health Supplements,342.99,3,In-Store,4,2,2.0,Low,Very Sensitive,0,6,Medium,Smartphone,Other,2024-11-22,False,True,Impulsive,Express,6,XK,26-35
99-089-1930,49,Other,High,Married,Master's,Middle,Freiburg im Breisgau,Packages),306.48,5,Mixed,1,3,0.0,Medium,Very Sensitive,0,9,Low,Tablet,Credit Card,2024-09-15,False,True,Need-based,Standard,14,Unknown,46-55
62-198-2511,22,Male,Middle,Divorced,Master's,High,Macau,Home Appliances,308.54,3,Mixed,1,3,0.0,High,Not Sensitive,1,5,High,Desktop,Credit Card,2024-09-29,False,True,Wants-based,Standard,7,MO,18-25
21-297-1223,49,Male,High,Single,Master's,Middle,Pancas,Travel & Leisure (Flights,124.17,12,Mixed,5,2,2.0,High,Very Sensitive,2,4,High,Smartphone,Debit Card,2024-11-16,True,True,Planned,Standard,6,BR,46-55
71-473-2656,27,Female,High,Married,Bachelor's,Middle,Gordon Town,Health Care,393.03,4,Mixed,4,4,0.0,High,Somewhat Sensitive,1,3,Medium,Smartphone,Cash,2024-09-03,True,True,Planned,Standard,7,Unknown,26-35
22-382-9636,32,Male,Middle,Married,Bachelor's,High,Kamal,Health Care,426.21,3,Mixed,1,4,2.0,High,Somewhat Sensitive,2,5,High,Smartphone,Other,2024-04-18,False,True,Wants-based,Standard,2,ID,26-35
85-391-1888,18,Female,High,Widowed,Master's,Middle,Zhongdong,Software & Apps,413.7,8,Mixed,3,3,0.3,Low,Very Sensitive,0,9,High,Desktop,Other,2024-06-17,False,True,Need-based,No Preference,6,Unknown,18-25
43-172-9431,25,Male,Middle,Divorced,High School,Middle,Lameira,Gardening & Outdoors,138.2,8,In-Store,1,2,2.0,High,Not Sensitive,0,6,Low,Desktop,Debit Card,2024-03-02,False,True,Need-based,No Preference,12,Unknown,18-25
00-496-3067,32,Female,Middle,Widowed,Bachelor's,Middle,Oslo,Packages),249.24,8,In-Store,4,3,1.0,Medium,Somewhat Sensitive,2,3,High,Smartphone,Cash,2024-08-29,False,True,Need-based,Standard,7,NO,26-35
10-330-6387,45,Male,High,Divorced,High School,High,Yeniköy,Furniture,129.1,12,Mixed,5,3,2.0,Low,Not Sensitive,0,8,High,Desktop,Credit Card,2024-04-15,True,False,Planned,No Preference,7,Unknown,36-45
87-590-8963,45,Female,High,Married,Master's,High,Peer,Baby Products,112.69,10,In-Store,1,4,0.0,High,Not Sensitive,0,7,Medium,Smartphone,Debit Card,2024-08-27,False,True,Need-based,Standard,1,BE,36-45
47-931-2642,46,Male,Middle,Widowed,Bachelor's,High,Belūsovka,Beauty & Personal Care,267.85,5,Online,5,2,2.0,Medium,Somewhat Sensitive,1,5,High,Smartphone,Credit Card,2024-03-20,False,True,Need-based,Standard,7,Unknown,46-55
76-501-6422,24,Male,Middle,Divorced,High School,Middle,Houston,Home Appliances,205.36,12,Online,1,5,2.0,High,Very Sensitive,0,1,Low,Tablet,Credit Card,2024-04-27,False,False,Impulsive,Express,5,US,18-25
67-593-9579,46,Male,Middle,Single,Bachelor's,High,Rozhdestveno,Baby Products,71.0,12,Online,1,5,2.0,High,Not Sensitive,2,9,Low,Smartphone,Cash,2024-06-26,False,False,Wants-based,No Preference,13,Unknown,46-55
33-484-6674,47,Male,Middle,Single,Master's,Middle,Porangatu,Packages),280.05,10,In-Store,4,1,2.0,Medium,Very Sensitive,1,2,High,Smartphone,Credit Card,2024-07-06,True,False,Wants-based,No Preference,11,BR,46-55
17-328-4678,27,Male,High,Widowed,Bachelor's,Middle,Quimbaya,Packages),119.51,11,Mixed,5,5,2.0,Low,Very Sensitive,2,8,Low,Desktop,PayPal,2024-05-07,False,False,Planned,No Preference,1,CO,26-35
47-501-3435,38,Female,High,Married,Bachelor's,High,Gimcheon,Books,225.05,5,Mixed,2,1,1.0,High,Somewhat Sensitive,1,1,Low,Desktop,Credit Card,2024-06-27,False,False,Need-based,No Preference,10,KR,36-45
35-122-5020,48,Female,High,Married,Bachelor's,Middle,Pukekohe East,Arts & Crafts,102.96,3,Mixed,1,1,1.0,Low,Very Sensitive,0,7,Low,Desktop,PayPal,2024-12-19,False,True,Wants-based,Standard,4,NZ,46-55
63-684-4073,45,Female,High,Divorced,Bachelor's,High,Blokdesa Situgede,Electronics,331.57,11,Mixed,3,1,0.0,Low,Somewhat Sensitive,1,6,Medium,Desktop,Debit Card,2024-05-06,False,False,Impulsive,Express,14,Unknown,36-45
74-483-2893,26,Other,Middle,Widowed,High School,Middle,Yueyang,Electronics,101.29,11,In-Store,1,1,2.0,Medium,Not Sensitive,2,7,Medium,Smartphone,Cash,2024-10-30,False,True,Need-based,No Preference,4,CN,26-35
79-861-6506,20,Male,High,Widowed,High School,High,Baturité,Toys & Games,352.87,11,In-Store,5,3,0.0,High,Not Sensitive,0,6,High,Tablet,PayPal,2024-02-19,False,False,Wants-based,Standard,12,BR,18-25
27-262-6874,25,Female,Middle,Married,Bachelor's,High,Yuyapichis,Books,473.5,11,Mixed,2,4,1.0,Low,Somewhat Sensitive,2,3,High,Tablet,Other,2024-07-24,False,True,Impulsive,Express,10,Unknown,18-25
92-908-5062,18,Other,Middle,Single,Bachelor's,High,Shiroishi,Home Appliances,72.8,11,In-Store,2,4,1.0,High,Somewhat Sensitive,2,10,High,Desktop,PayPal,2024-08-20,True,False,Need-based,Express,3,JP,18-25
57-623-5362,43,Other,High,Married,Bachelor's,High,Jilin,Furniture,209.79,6,Mixed,5,1,2.0,High,Not Sensitive,1,9,Low,Tablet,Other,2024-09-13,True,True,Need-based,Standard,10,CN,36-45
71-959-3896,29,Male,High,Married,Bachelor's,High,Cipari,Luxury Goods,98.63,7,Online,4,5,2.0,High,Somewhat Sensitive,1,3,Low,Tablet,Other,2024-01-09,False,True,Planned,Standard,6,Unknown,26-35
78-613-1546,49,Female,Middle,Single,High School,Middle,Torsby,Luxury Goods,145.02,7,In-Store,3,2,0.0,High,Very Sensitive,1,1,Medium,Desktop,Credit Card,2024-06-23,True,True,Wants-based,Express,9,Unknown,46-55
43-664-4451,30,Female,Middle,Divorced,Master's,Middle,San Pablo,Health Supplements,294.99,4,Online,3,5,2.0,Low,Somewhat Sensitive,1,4,High,Desktop,PayPal,2024-11-30,False,False,Need-based,Standard,5,US,26-35
73-139-4306,24,Female,Middle,Married,Master's,High,Puerto López,Luxury Goods,139.1,7,Online,2,5,0.0,Low,Somewhat Sensitive,2,3,Medium,Desktop,PayPal,2024-03-20,False,False,Impulsive,No Preference,8,CO,18-25
23-794-8196,36,Other,High,Married,Master's,Middle,Xinchengzi,Furniture,268.28,9,Mixed,5,2,2.0,High,Very Sensitive,2,2,High,Smartphone,Credit Card,2024-04-09,False,True,Need-based,Standard,8,Unknown,36-45
53-013-1026,40,Male,High,Widowed,Master's,Middle,Duyure,Health Supplements,53.67,7,Online,3,5,1.0,High,Not Sensitive,0,2,High,Desktop,PayPal,2024-04-13,False,False,Planned,Express,11,Unknown,36-45
18-047-5540,50,Female,High,Single,Bachelor's,High,Kuala Lumpur,Sports & Outdoors,98.02,5,In-Store,3,3,1.0,Low,Not Sensitive,0,3,High,Desktop,Debit Card,2024-06-30,True,False,Planned,No Preference,10,MY,46-55
89-438-5310,24,Male,High,Divorced,Bachelor's,High,Seleuš,Travel & Leisure (Flights,231.26,10,In-Store,5,1,2.0,Low,Very Sensitive,2,5,Low,Desktop,Cash,2024-04-30,False,True,Impulsive,No Preference,10,Unknown,18-25
03-623-6767,48,Female,Middle,Single,High School,High,Huancabamba,Toys & Games,423.23,12,In-Store,3,3,2.0,High,Somewhat Sensitive,0,7,Low,Tablet,Debit Card,2024-11-05,False,False,Planned,Standard,6,Unknown,46-55
86-749-6914,47,Male,Middle,Single,High School,High,San José Acatempa,Beauty & Personal Care,276.08,4,Mixed,4,5,0.3,High,Somewhat Sensitive,2,10,Low,Smartphone,Credit Card,2024-01-29,False,True,Need-based,No Preference,10,Unknown,46-55
03-977-8103,25,Male,Middle,Widowed,Bachelor's,Middle,Quebrada Canoa,Books,333.56,3,Mixed,4,5,1.0,Low,Not Sensitive,2,2,High,Smartphone,Other,2024-10-25,True,True,Impulsive,No Preference,14,Unknown,18-25
03-827-4021,39,Male,High,Divorced,Bachelor's,Middle,Moate,Groceries,129.82,12,Mixed,1,2,0.0,High,Not Sensitive,2,1,High,Tablet,Cash,2024-06-03,False,False,Impulsive,Standard,8,Unknown,36-45
68-507-4747,41,Female,High,Widowed,High School,High,Kubangwaru,Clothing,278.78,3,Mixed,5,2,0.0,Medium,Not Sensitive,0,1,Low,Desktop,Credit Card,2024-06-14,True,False,Wants-based,Standard,2,Unknown,36-45
21-821-6398,50,Female,Middle,Divorced,Bachelor's,High,Xinquan,Toys & Games,142.02,7,In-Store,1,5,0.0,Low,Very Sensitive,1,9,Medium,Desktop,Cash,2024-07-09,True,False,Impulsive,Standard,3,Unknown,46-55
64-641-7874,33,Female,High,Widowed,High School,High,Providence,Packages),481.84,10,In-Store,1,4,2.0,High,Somewhat Sensitive,1,1,Medium,Tablet,Cash,2024-08-14,False,False,Wants-based,Express,9,US,26-35
53-459-7870,50,Other,High,Divorced,Master's,Middle,Autun,Packages),165.01,10,Mixed,1,2,1.0,Medium,Somewhat Sensitive,1,5,Medium,Desktop,PayPal,2024-04-17,True,False,Impulsive,No Preference,10,FR,46-55
54-936-4361,34,Other,High,Single,Bachelor's,High,Paris 17,Hotels,182.89,2,Mixed,5,3,1.0,Low,Not Sensitive,1,9,Low,Smartphone,PayPal,2024-08-12,False,False,Wants-based,Express,5,Unknown,26-35
67-209-0990,39,Male,High,Widowed,High School,High,Stoczek Łukowski,Books,373.01,5,In-Store,5,5,1.0,Low,Somewhat Sensitive,1,4,Medium,Smartphone,PayPal,2024-07-27,False,True,Impulsive,Express,8,Unknown,36-45
09-948-3150,23,Other,High,Married,Bachelor's,Middle,Boshkengash,Software & Apps,414.06,9,Mixed,1,4,2.0,Medium,Somewhat Sensitive,2,4,High,Desktop,PayPal,2024-11-26,True,False,Planned,Express,2,TJ,18-25
19-873-9468,37,Male,Middle,Widowed,Bachelor's,Middle,Đạ Tẻh,Animal Feed,408.51,9,Online,2,1,2.0,High,Very Sensitive,0,7,Medium,Smartphone,Credit Card,2024-05-26,True,False,Wants-based,Express,1,Unknown,36-45
37-748-4988,21,Male,Middle,Married,High School,High,Radā‘,Furniture,103.4,9,In-Store,4,1,2.0,High,Not Sensitive,1,9,Medium,Smartphone,Debit Card,2024-11-04,True,False,Planned,Standard,9,Unknown,18-25
08-755-1170,47,Male,Middle,Single,High School,High,Sinarwangi,Furniture,67.92,3,In-Store,1,3,0.0,Low,Not Sensitive,1,8,Low,Tablet,Cash,2024-10-18,False,True,Impulsive,Express,10,Unknown,46-55
07-402-7433,42,Other,Middle,Single,High School,Middle,Dagup,Health Supplements,354.16,8,In-Store,1,1,1.0,Low,Not Sensitive,2,3,Low,Desktop,Credit Card,2024-06-13,True,False,Planned,Express,5,Unknown,36-45
60-073-3575,30,Male,Middle,Widowed,Bachelor's,Middle,Ełk,Books,276.77,2,Mixed,1,1,2.0,Low,Very Sensitive,1,2,High,Smartphone,Cash,2024-03-03,True,True,Wants-based,No Preference,4,PL,26-35
93-675-1619,28,Female,Middle,Married,Master's,Middle,Vília,Animal Feed,203.49,7,In-Store,4,1,2.0,Medium,Not Sensitive,1,8,High,Tablet,Cash,2024-08-10,False,True,Need-based,Express,11,Unknown,26-35
33-200-7615,40,Female,High,Divorced,Bachelor's,Middle,Jiangmen,Arts & Crafts,247.3,2,In-Store,4,4,2.0,Low,Very Sensitive,0,1,Medium,Desktop,Credit Card,2024-02-08,True,True,Wants-based,No Preference,11,CN,36-45
34-016-7909,42,Male,High,Married,High School,Middle,Osorno,Office Supplies,131.85,4,Mixed,5,4,2.0,Low,Somewhat Sensitive,1,5,Medium,Smartphone,Debit Card,2024-01-04,True,False,Need-based,No Preference,6,CL,36-45
82-304-6495,19,Male,High,Married,Master's,High,Labo,Beauty & Personal Care,459.39,6,Mixed,2,2,0.3,Low,Very Sensitive,2,4,High,Tablet,Credit Card,2024-09-29,False,False,Planned,No Preference,14,PH,18-25
93-356-8589,35,Female,High,Married,Master's,High,Besko,Arts & Crafts,370.73,7,Online,3,2,1.0,High,Not Sensitive,0,9,High,Smartphone,Debit Card,2024-08-18,False,True,Need-based,No Preference,7,Unknown,26-35
53-042-5685,44,Female,Middle,Widowed,Bachelor's,High,Sula,Jewelry & Accessories,373.05,3,In-Store,3,4,0.3,Low,Not Sensitive,1,10,Medium,Tablet,Cash,2024-03-14,False,True,Planned,Standard,7,Unknown,36-45
35-853-2222,19,Female,High,Married,Bachelor's,High,Valongo,Sports & Outdoors,393.78,6,Online,3,4,1.0,Medium,Very Sensitive,0,5,Low,Tablet,Other,2024-03-25,True,False,Need-based,No Preference,14,PT,18-25
83-670-9273,27,Female,High,Widowed,Master's,High,Al Khānkah,Clothing,245.04,4,Online,3,2,0.0,High,Not Sensitive,2,6,High,Tablet,Other,2024-12-03,True,True,Need-based,Standard,10,EG,26-35
79-902-8144,26,Female,High,Single,Bachelor's,Middle,Rates,Baby Products,93.29,11,Online,2,2,0.0,High,Very Sensitive,0,7,Low,Tablet,Other,2024-07-25,True,False,Impulsive,No Preference,9,Unknown,26-35
41-009-7879,27,Female,High,Married,High School,Middle,Anyang,Hotels,156.5,5,Mixed,1,1,1.0,High,Very Sensitive,0,3,High,Desktop,Other,2024-01-10,True,False,Wants-based,Standard,14,CN,26-35
89-302-8461,37,Male,Middle,Single,Master's,Middle,Nymburk,Packages),290.11,8,Mixed,4,4,1.0,Medium,Very Sensitive,1,4,Medium,Smartphone,PayPal,2024-10-30,False,False,Impulsive,No Preference,14,Unknown,36-45
23-066-1915,23,Female,Middle,Single,Bachelor's,Middle,Jiangcun,Software & Apps,355.28,3,Mixed,5,5,0.0,Low,Very Sensitive,1,4,Low,Smartphone,Credit Card,2024-09-17,True,True,Planned,No Preference,5,Unknown,18-25
39-090-0124,31,Other,Middle,Single,Bachelor's,High,Tafo,Gardening & Outdoors,73.74,7,Online,4,2,0.3,High,Not Sensitive,1,3,Medium,Smartphone,Other,2024-08-17,False,False,Wants-based,Standard,13,GH,26-35
41-854-0707,21,Female,Middle,Widowed,Master's,Middle,Cibaregbeg,Sports & Outdoors,170.35,10,In-Store,2,1,1.0,Medium,Very Sensitive,1,10,Low,Desktop,Cash,2024-06-03,True,True,Need-based,Standard,1,Unknown,18-25
93-867-8303,21,Female,Middle,Single,Master's,High,Liangnong,Gardening & Outdoors,201.6,9,In-Store,1,4,2.0,Medium,Very Sensitive,1,4,High,Smartphone,PayPal,2024-10-24,False,False,Impulsive,Express,14,Unknown,18-25
31-088-6950,27,Female,Middle,Single,Master's,High,Hengshi,Furniture,116.14,11,Mixed,1,4,1.0,High,Somewhat Sensitive,0,8,Medium,Desktop,Credit Card,2024-04-01,False,True,Wants-based,Express,14,Unknown,26-35
43-616-8365,29,Female,Middle,Single,Master's,High,Kandangan,Jewelry & Accessories,483.38,9,Online,2,1,0.0,High,Somewhat Sensitive,2,3,High,Desktop,Other,2024-06-09,False,True,Need-based,Standard,8,Unknown,26-35
25-502-1415,38,Female,High,Married,Master's,Middle,Longhuashan,Arts & Crafts,54.17,4,Mixed,4,5,0.0,Medium,Somewhat Sensitive,2,2,Medium,Desktop,Credit Card,2024-01-11,False,True,Planned,No Preference,7,Unknown,36-45
32-338-5967,32,Male,Middle,Widowed,Bachelor's,High,Lebak,Hotels,113.57,5,Online,4,4,2.0,Medium,Very Sensitive,1,1,High,Tablet,Cash,2024-11-01,False,True,Wants-based,Standard,8,Unknown,26-35
19-311-9149,21,Other,High,Single,High School,High,Gereshk,Packages),305.54,6,In-Store,3,5,0.0,Medium,Somewhat Sensitive,0,5,Medium,Smartphone,Other,2024-03-28,True,False,Wants-based,No Preference,7,AF,18-25
94-212-7169,23,Female,High,Divorced,High School,High,Yonghe,Food & Beverages,339.12,2,In-Store,4,4,0.0,Medium,Not Sensitive,0,5,Low,Smartphone,PayPal,2024-01-08,False,False,Impulsive,No Preference,1,Unknown,18-25
17-213-2834,34,Male,Middle,Single,High School,Middle,Marshintsy,Clothing,372.49,12,Online,4,3,0.0,High,Very Sensitive,0,5,Medium,Desktop,Debit Card,2024-08-22,True,False,Planned,No Preference,7,Unknown,26-35
36-214-1586,41,Male,High,Widowed,High School,High,Halinów,Books,186.85,2,Online,3,1,2.0,High,Not Sensitive,2,8,Low,Smartphone,Other,2024-02-20,True,False,Impulsive,Express,12,Unknown,36-45
83-427-3218,47,Female,Middle,Widowed,High School,Middle,White River,Furniture,467.32,12,In-Store,4,4,2.0,Medium,Somewhat Sensitive,2,4,Low,Smartphone,PayPal,2024-01-28,False,True,Need-based,No Preference,11,ZA,46-55
61-663-9008,18,Male,Middle,Married,Master's,Middle,Taishihe,Travel & Leisure (Flights,475.65,4,In-Store,4,5,0.0,High,Somewhat Sensitive,2,6,Low,Smartphone,PayPal,2024-06-23,True,True,Wants-based,Express,14,Unknown,18-25
43-671-9834,39,Female,Middle,Divorced,High School,High,Ranot,Clothing,149.88,9,Mixed,3,2,0.0,Low,Somewhat Sensitive,1,10,Low,Smartphone,Debit Card,2024-04-19,False,False,Impulsive,Standard,4,TH,36-45
23-085-0811,43,Female,High,Widowed,Master's,High,Da’an,Health Care,345.49,9,Mixed,3,1,2.0,High,Not Sensitive,0,10,Medium,Tablet,PayPal,2024-09-06,True,False,Impulsive,Express,3,CN,36-45
85-192-9218,31,Female,High,Divorced,Bachelor's,High,Kisovec,Health Care,297.24,2,Mixed,1,4,0.0,Medium,Not Sensitive,0,9,High,Desktop,PayPal,2024-06-29,True,True,Planned,Express,7,Unknown,26-35
82-671-7236,28,Female,Middle,Divorced,Bachelor's,High,Ābdānān,Home Appliances,494.34,12,Online,5,3,0.25,High,Very Sensitive,1,8,Low,Desktop,Debit Card,2024-03-03,False,False,Wants-based,Express,3,IR,26-35
41-934-7739,45,Other,Middle,Divorced,High School,High,Campo Maior,Jewelry & Accessories,457.18,7,In-Store,4,3,2.0,High,Very Sensitive,2,6,Medium,Smartphone,Other,2024-08-20,True,True,Wants-based,Express,10,BR,36-45
30-133-5120,30,Male,Middle,Widowed,Bachelor's,Middle,Brikcha,Books,448.68,8,In-Store,4,4,2.0,High,Somewhat Sensitive,1,3,Medium,Tablet,Debit Card,2024-05-25,True,False,Wants-based,Express,8,Unknown,26-35
10-328-5732,44,Female,High,Single,High School,Middle,Kliteh,Health Supplements,311.9,4,In-Store,2,4,2.0,Low,Very Sensitive,0,6,High,Smartphone,Credit Card,2024-12-30,False,True,Planned,No Preference,2,Unknown,36-45
38-912-1128,38,Female,Middle,Widowed,High School,Middle,Béja,Gardening & Outdoors,301.6,4,Mixed,4,5,1.0,Low,Not Sensitive,2,10,High,Desktop,Credit Card,2024-03-11,False,False,Impulsive,Standard,13,TN,36-45
07-751-9620,23,Other,Middle,Widowed,Bachelor's,High,Ferreira do Alentejo,Software & Apps,297.45,3,Mixed,1,5,0.0,Medium,Very Sensitive,0,7,Low,Tablet,Debit Card,2024-07-07,False,False,Planned,No Preference,4,Unknown,18-25
19-885-2597,42,Male,High,Widowed,Master's,Middle,La Montañita,Health Supplements,239.46,3,Mixed,3,1,0.0,Low,Not Sensitive,2,8,High,Desktop,Other,2024-08-04,True,True,Planned,Standard,7,Unknown,36-45
82-389-2029,28,Female,High,Widowed,High School,High,Sarishābāri,Gardening & Outdoors,240.82,10,Mixed,1,3,2.0,High,Somewhat Sensitive,0,3,Medium,Tablet,PayPal,2024-01-02,True,False,Planned,No Preference,8,BD,26-35
97-463-0048,44,Female,Middle,Single,Master's,High,Mangge,Sports & Outdoors,302.07,6,Mixed,1,5,1.0,Medium,Not Sensitive,2,5,Medium,Desktop,Other,2024-04-09,True,False,Planned,Express,13,Unknown,36-45
10-232-0685,46,Female,High,Married,Master's,Middle,Yangping,Groceries,359.75,7,In-Store,5,1,1.0,High,Not Sensitive,1,6,Low,Tablet,Other,2024-01-23,False,False,Wants-based,Standard,3,Unknown,46-55
78-826-3039,27,Male,High,Single,Master's,High,Vidual,Gardening & Outdoors,228.93,7,Online,1,1,2.0,Low,Not Sensitive,2,2,Medium,Desktop,PayPal,2024-02-19,True,True,Impulsive,Express,11,Unknown,26-35
86-668-1045,20,Female,High,Single,High School,Middle,Paris 17,Office Supplies,355.31,11,Online,1,1,0.0,High,Not Sensitive,1,2,Medium,Desktop,Debit Card,2024-08-19,False,True,Impulsive,Express,12,Unknown,18-25
76-382-7162,26,Female,High,Single,High School,Middle,Mahanoro,Food & Beverages,454.93,8,Online,3,5,0.0,Low,Somewhat Sensitive,2,7,Medium,Desktop,Debit Card,2024-04-21,False,False,Wants-based,No Preference,11,MG,26-35
28-947-4295,29,Male,Middle,Widowed,Bachelor's,High,Mozdok,Beauty & Personal Care,325.42,11,In-Store,2,4,2.0,Low,Not Sensitive,1,1,High,Desktop,Other,2024-10-20,True,False,Impulsive,Express,7,RU,26-35
52-005-9914,28,Male,High,Married,Bachelor's,High,Kanoni,Mobile Accessories,207.52,4,In-Store,3,4,1.0,Low,Not Sensitive,1,8,High,Desktop,Debit Card,2024-08-06,False,False,Impulsive,No Preference,2,Unknown,26-35
34-846-7805,49,Male,High,Single,Bachelor's,High,Gromadka,Toys & Games,125.89,7,In-Store,3,3,2.0,Low,Not Sensitive,1,6,Medium,Desktop,Debit Card,2024-11-22,False,False,Wants-based,No Preference,13,Unknown,46-55
26-596-5461,46,Female,High,Single,Master's,Middle,Payapa,Electronics,170.77,9,Online,5,2,1.0,Medium,Somewhat Sensitive,2,1,Low,Smartphone,Credit Card,2024-08-04,False,False,Impulsive,No Preference,4,Unknown,46-55
55-846-2579,47,Male,Middle,Divorced,Bachelor's,High,Kiev,Software & Apps,378.14,6,Mixed,2,2,1.0,Medium,Very Sensitive,1,6,High,Smartphone,PayPal,2024-09-04,False,False,Wants-based,Standard,7,Unknown,46-55
67-599-9267,47,Male,High,Widowed,High School,Middle,Lomintsevskiy,Arts & Crafts,164.44,5,In-Store,5,1,2.0,Low,Somewhat Sensitive,1,10,High,Smartphone,Other,2024-04-08,False,False,Impulsive,No Preference,5,Unknown,46-55
41-501-9276,24,Male,High,Married,Bachelor's,High,Monchegorsk,Sports & Outdoors,455.81,3,Online,2,3,1.0,Low,Somewhat Sensitive,1,6,Medium,Smartphone,Debit Card,2024-04-21,False,False,Wants-based,Express,6,RU,18-25
31-284-5722,36,Female,High,Single,Bachelor's,High,Jianshan,Hotels,351.71,7,In-Store,2,2,0.0,Medium,Very Sensitive,1,6,Medium,Tablet,Other,2024-03-19,True,False,Need-based,Standard,8,CN,36-45
52-726-9328,19,Other,High,Single,High School,High,Pingzhuang,Office Supplies,241.72,6,Mixed,5,2,1.0,Medium,Not Sensitive,0,8,High,Desktop,Debit Card,2024-05-29,False,True,Planned,Express,2,CN,18-25
88-428-8409,37,Male,High,Married,Master's,Middle,Ziniaré,Packages),347.99,5,Mixed,4,4,1.0,Low,Somewhat Sensitive,0,1,High,Desktop,PayPal,2024-03-22,True,False,Planned,Standard,6,BF,36-45
21-313-7424,45,Female,Middle,Single,Master's,High,Zduńska Wola,Office Supplies,343.81,3,In-Store,3,5,0.0,High,Somewhat Sensitive,0,7,Medium,Desktop,Credit Card,2024-02-22,False,True,Need-based,Standard,3,PL,36-45
79-973-7862,47,Female,Middle,Married,Master's,Middle,Mount Ayliff,Animal Feed,105.29,7,In-Store,2,5,0.0,Low,Very Sensitive,0,1,High,Desktop,Cash,2024-12-25,False,True,Need-based,Express,4,Unknown,46-55
81-814-3498,32,Male,Middle,Single,High School,Middle,Pīrgaaj,Hotels,483.66,3,Online,1,4,1.0,Medium,Not Sensitive,2,1,Medium,Desktop,Other,2024-08-27,False,False,Impulsive,Standard,9,BD,26-35
34-375-8138,48,Male,Middle,Married,Bachelor's,Middle,Zbraslavice,Home Appliances,69.41,8,Mixed,5,3,0.0,High,Somewhat Sensitive,1,9,High,Tablet,Cash,2024-01-28,False,False,Wants-based,Standard,5,Unknown,46-55
05-067-9686,20,Other,High,Single,Master's,Middle,Xilu,Toys & Games,207.18,11,Online,1,3,0.0,Low,Somewhat Sensitive,1,5,High,Tablet,PayPal,2024-11-16,False,False,Wants-based,Standard,8,Unknown,18-25
61-951-7929,32,Male,Middle,Divorced,High School,High,Bamut,Health Supplements,454.15,11,In-Store,2,1,1.0,High,Not Sensitive,1,8,High,Smartphone,Cash,2024-12-08,True,True,Planned,Express,13,Unknown,26-35
09-443-7536,37,Female,High,Single,Bachelor's,High,Maurisu,Jewelry & Accessories,183.86,5,Mixed,1,1,2.0,Medium,Not Sensitive,1,4,Low,Smartphone,Debit Card,2024-10-07,False,True,Wants-based,Standard,3,Unknown,36-45
27-463-5671,21,Other,Middle,Widowed,Master's,Middle,Gorzyce,Packages),53.87,10,In-Store,4,3,0.0,Medium,Very Sensitive,0,10,High,Tablet,Cash,2024-06-25,True,False,Planned,No Preference,2,Unknown,18-25
53-380-3968,43,Female,High,Widowed,Bachelor's,High,Qingyun,Food & Beverages,427.82,9,In-Store,5,5,0.0,Medium,Somewhat Sensitive,1,2,Medium,Desktop,PayPal,2024-04-04,True,False,Wants-based,No Preference,14,Unknown,36-45
12-440-5464,28,Male,Middle,Divorced,Master's,Middle,Ndungu,Electronics,215.31,7,Online,5,5,2.0,Medium,Somewhat Sensitive,1,8,Medium,Smartphone,Other,2024-04-09,False,True,Impulsive,No Preference,7,Unknown,26-35
33-467-2534,43,Male,Middle,Widowed,Master's,High,Emiliano Zapata,Furniture,183.66,11,Online,3,1,1.0,Low,Very Sensitive,0,10,Medium,Tablet,Credit Card,2024-04-18,True,True,Planned,No Preference,6,MX,36-45
58-528-6262,42,Male,Middle,Married,Master's,High,Sobue,Software & Apps,138.35,2,Online,4,5,2.0,Low,Not Sensitive,0,2,Low,Smartphone,Other,2024-07-14,True,True,Wants-based,No Preference,8,JP,36-45
31-060-2716,27,Male,Middle,Divorced,Bachelor's,Middle,High Point,Groceries,441.87,3,Mixed,1,2,1.0,High,Somewhat Sensitive,0,10,Medium,Smartphone,PayPal,2024-09-10,True,False,Wants-based,No Preference,13,US,26-35
81-515-5823,40,Female,Middle,Married,Master's,Middle,Qiankeng,Clothing,178.29,4,Mixed,4,3,2.0,Low,Very Sensitive,2,10,High,Desktop,Cash,2024-07-29,False,True,Planned,No Preference,8,Unknown,36-45
28-874-8938,46,Male,High,Married,High School,High,Phong Điền,Office Supplies,266.9,11,Mixed,4,2,2.0,Low,Not Sensitive,1,8,Medium,Desktop,PayPal,2024-07-01,False,True,Wants-based,Express,13,VN,46-55
89-625-5542,38,Female,Middle,Divorced,Bachelor's,High,Mirów,Electronics,269.84,4,In-Store,5,4,0.0,Low,Not Sensitive,2,9,Low,Tablet,Credit Card,2024-05-04,True,True,Wants-based,No Preference,2,Unknown,36-45
94-408-2581,40,Female,Middle,Married,High School,High,Bordeaux,Travel & Leisure (Flights,474.56,8,In-Store,1,5,2.0,Low,Not Sensitive,1,6,High,Smartphone,PayPal,2024-04-17,True,False,Planned,Standard,12,FR,36-45
55-301-9368,34,Male,High,Married,Master's,High,Zamora,Electronics,360.91,4,Mixed,3,5,1.0,High,Somewhat Sensitive,0,8,High,Desktop,Credit Card,2024-08-30,True,True,Planned,No Preference,4,MX,26-35
72-336-1992,44,Female,Middle,Widowed,Bachelor's,High,Jubaoshan,Groceries,373.49,6,Online,4,1,0.0,Medium,Very Sensitive,0,10,Low,Tablet,Cash,2024-04-23,True,True,Impulsive,Standard,1,Unknown,36-45
77-178-6086,42,Female,Middle,Single,Master's,Middle,Gueltat Zemmour,Toys & Games,332.67,8,In-Store,1,4,2.0,Medium,Somewhat Sensitive,1,2,High,Smartphone,Other,2024-12-11,False,True,Impulsive,Express,4,Unknown,36-45
75-210-7391,44,Female,Middle,Married,High School,Middle,Kokstad,Packages),269.78,7,In-Store,2,3,1.0,Medium,Somewhat Sensitive,2,7,Medium,Desktop,Other,2024-07-25,True,True,Need-based,No Preference,5,ZA,36-45
60-470-3563,29,Male,Middle,Married,Bachelor's,Middle,Malasin,Gardening & Outdoors,498.33,2,Online,3,5,2.0,Medium,Very Sensitive,1,9,Medium,Smartphone,PayPal,2024-05-08,True,True,Wants-based,Express,1,Unknown,26-35
96-121-0629,38,Male,Middle,Married,Bachelor's,Middle,Yanshang,Software & Apps,303.93,6,Mixed,3,2,0.0,High,Not Sensitive,1,10,Low,Smartphone,Debit Card,2024-03-13,True,False,Need-based,No Preference,2,Unknown,36-45
00-275-9990,24,Female,Middle,Married,Bachelor's,Middle,Tempuran,Food & Beverages,302.74,11,Mixed,1,5,0.0,High,Very Sensitive,0,6,High,Smartphone,PayPal,2024-06-28,True,True,Wants-based,Express,5,Unknown,18-25
36-593-2907,42,Other,High,Single,Bachelor's,High,Karafao,Beauty & Personal Care,157.21,11,Online,3,3,0.0,Medium,Not Sensitive,0,3,High,Tablet,Debit Card,2024-04-30,True,False,Wants-based,Express,5,Unknown,36-45
28-395-9872,38,Male,High,Married,Master's,Middle,Blantyre,Hotels,65.68,4,In-Store,4,4,0.0,Medium,Not Sensitive,0,8,Medium,Smartphone,Other,2024-05-07,False,False,Impulsive,Standard,12,MW,36-45
38-940-4942,22,Female,High,Widowed,Master's,Middle,Faqqū‘ah,Health Care,490.41,4,Mixed,3,4,0.0,Low,Somewhat Sensitive,0,2,High,Tablet,Other,2024-12-15,False,True,Planned,Express,3,Unknown,18-25
82-014-2564,33,Male,High,Married,High School,Middle,Yelyzavethradka,Groceries,461.34,4,In-Store,3,1,0.0,High,Somewhat Sensitive,1,9,Low,Desktop,Cash,2024-03-06,False,True,Wants-based,Express,7,Unknown,26-35
79-384-7469,50,Male,Middle,Single,Bachelor's,High,Xudat,Groceries,50.79,12,Mixed,5,1,0.0,Medium,Somewhat Sensitive,0,2,Medium,Desktop,Other,2024-05-28,True,False,Planned,Standard,3,Unknown,46-55
30-839-5589,42,Female,Middle,Married,High School,Middle,Yaodu,Hotels,264.3,10,In-Store,5,4,1.0,Low,Not Sensitive,2,2,High,Smartphone,PayPal,2024-08-20,True,True,Planned,No Preference,5,Unknown,36-45
76-848-9229,29,Male,High,Married,Bachelor's,Middle,Saint-Gratien,Animal Feed,122.46,12,Mixed,2,3,0.0,High,Not Sensitive,0,3,Low,Tablet,Credit Card,2024-02-15,False,True,Wants-based,Standard,6,FR,26-35
98-559-6096,20,Male,Middle,Widowed,High School,Middle,Totora,Software & Apps,238.01,8,In-Store,2,2,0.0,High,Somewhat Sensitive,0,9,Low,Desktop,Cash,2024-07-13,False,True,Need-based,Standard,5,Unknown,18-25
55-580-7707,38,Male,High,Divorced,Bachelor's,Middle,Čáslav,Jewelry & Accessories,245.98,4,Mixed,5,1,1.0,High,Not Sensitive,0,1,Medium,Desktop,PayPal,2024-11-29,False,False,Planned,Standard,10,Unknown,36-45
18-605-0795,45,Other,Middle,Widowed,High School,High,Rudnogorsk,Hotels,390.83,9,Online,5,5,0.0,Medium,Somewhat Sensitive,0,5,High,Desktop,Cash,2024-10-28,False,True,Impulsive,No Preference,8,Unknown,36-45
75-847-7630,37,Male,Middle,Single,High School,Middle,Adela,Baby Products,439.24,8,Mixed,3,3,1.0,High,Somewhat Sensitive,2,9,Medium,Tablet,Other,2024-07-26,False,False,Wants-based,Standard,10,Unknown,36-45
56-719-7145,48,Female,High,Married,Master's,Middle,Jinqiao,Clothing,333.15,9,Mixed,1,5,1.0,High,Very Sensitive,1,8,High,Smartphone,Other,2024-08-12,False,False,Impulsive,Standard,14,Unknown,46-55
14-025-2335,19,Male,Middle,Divorced,Master's,Middle,Barg-e Matāl,Luxury Goods,64.22,9,Online,1,1,2.0,High,Somewhat Sensitive,1,9,Medium,Smartphone,PayPal,2024-01-02,True,False,Impulsive,No Preference,10,Unknown,18-25
10-300-8072,46,Female,High,Single,High School,High,Argenteuil,Home Appliances,290.53,3,Online,3,2,1.0,Low,Very Sensitive,0,6,High,Desktop,Debit Card,2024-11-04,True,False,Planned,No Preference,10,FR,46-55
73-698-2326,39,Male,Middle,Divorced,Bachelor's,High,Daying,Baby Products,251.8,6,Mixed,5,1,2.0,High,Very Sensitive,1,8,Low,Smartphone,Debit Card,2024-07-05,True,True,Impulsive,No Preference,11,Unknown,36-45
65-359-4645,28,Female,Middle,Married,High School,High,Xieba,Packages),461.71,10,Mixed,3,1,0.0,Low,Not Sensitive,0,9,High,Smartphone,Cash,2024-02-16,False,False,Planned,Standard,11,Unknown,26-35
76-561-2427,27,Other,Middle,Widowed,High School,High,Cane,Travel & Leisure (Flights,198.45,11,Online,3,5,1.0,High,Not Sensitive,2,8,High,Tablet,PayPal,2024-05-04,True,False,Wants-based,No Preference,5,Unknown,26-35
82-467-3300,23,Male,High,Married,Master's,Middle,Podhum,Baby Products,216.45,5,Mixed,5,2,0.0,Medium,Very Sensitive,2,7,Low,Tablet,Credit Card,2024-10-31,False,False,Need-based,No Preference,3,Unknown,18-25
92-946-7398,19,Female,High,Widowed,Bachelor's,High,Vilar,Baby Products,358.72,5,In-Store,3,5,1.0,Low,Very Sensitive,0,8,Low,Tablet,Credit Card,2024-02-06,True,True,Impulsive,Standard,12,PT,18-25
22-579-3978,40,Male,Middle,Divorced,High School,High,Arendal,Clothing,88.78,10,Online,5,3,0.0,High,Very Sensitive,1,7,Medium,Desktop,PayPal,2024-01-06,False,False,Planned,Standard,13,NO,36-45
28-676-0614,49,Male,Middle,Married,High School,High,La Ravoire,Clothing,262.61,3,In-Store,2,5,1.0,Medium,Somewhat Sensitive,0,10,Medium,Smartphone,Other,2024-02-28,False,True,Wants-based,Standard,6,Unknown,46-55
07-211-9364,45,Other,Middle,Widowed,Master's,Middle,Dostoyevka,Home Appliances,91.24,8,In-Store,4,3,0.0,High,Somewhat Sensitive,0,4,Low,Tablet,Cash,2024-10-28,True,False,Wants-based,Standard,4,Unknown,36-45
98-238-6733,42,Female,High,Married,High School,High,Liuzhou,Luxury Goods,425.69,5,In-Store,2,5,0.0,High,Very Sensitive,0,4,Medium,Tablet,Credit Card,2024-06-21,False,True,Impulsive,No Preference,4,CN,36-45
72-006-3769,41,Female,High,Married,Bachelor's,High,São Mateus do Maranhão,Packages),446.11,9,Mixed,3,1,1.0,Medium,Very Sensitive,0,10,Medium,Desktop,PayPal,2024-06-06,True,True,Wants-based,Express,11,BR,36-45
75-845-3143,23,Other,High,Single,High School,High,Rumbek,Software & Apps,490.11,8,Online,3,4,2.0,Low,Not Sensitive,1,1,Low,Smartphone,Other,2024-12-24,False,False,Planned,Standard,14,SS,18-25
42-207-5005,45,Female,Middle,Widowed,High School,High,Santa Marta,Furniture,491.51,2,Mixed,2,5,0.0,Medium,Very Sensitive,1,1,High,Smartphone,PayPal,2024-12-06,True,False,Need-based,No Preference,7,CO,36-45
47-266-2261,36,Female,Middle,Single,Bachelor's,Middle,Brändö,Furniture,457.39,12,In-Store,1,1,1.0,High,Not Sensitive,1,5,High,Desktop,Credit Card,2024-10-29,True,False,Impulsive,Standard,9,Unknown,36-45
37-468-8133,44,Male,Middle,Single,High School,Middle,Cimara,Health Care,492.51,7,Online,1,4,1.0,Low,Not Sensitive,0,2,Medium,Desktop,PayPal,2024-01-30,True,True,Wants-based,Standard,4,Unknown,36-45
72-324-1243,34,Male,High,Married,High School,Middle,Bairan,Mobile Accessories,65.45,6,In-Store,2,4,1.0,High,Very Sensitive,0,2,Medium,Smartphone,Credit Card,2024-09-21,True,True,Impulsive,No Preference,3,Unknown,26-35
62-687-5354,23,Male,Middle,Single,High School,Middle,Abaetetuba,Health Care,255.86,3,Online,4,5,2.0,High,Very Sensitive,0,1,Low,Tablet,PayPal,2024-03-25,True,False,Planned,No Preference,4,BR,18-25
54-634-0814,35,Male,High,Divorced,Bachelor's,High,Pasirjaya,Furniture,74.69,10,In-Store,5,3,1.0,Low,Somewhat Sensitive,0,6,Medium,Desktop,PayPal,2024-11-12,False,True,Need-based,No Preference,3,Unknown,26-35
62-892-2088,38,Male,High,Widowed,Master's,High,Huakoulongtan,Software & Apps,370.17,2,Mixed,5,4,2.0,Medium,Not Sensitive,1,9,Low,Tablet,Cash,2024-11-23,False,True,Need-based,Express,1,Unknown,36-45
53-951-2529,25,Male,Middle,Divorced,Master's,High,Burgastai,Electronics,384.26,6,Mixed,4,2,1.0,High,Not Sensitive,0,9,Medium,Smartphone,PayPal,2024-07-11,False,True,Need-based,No Preference,11,Unknown,18-25
00-264-3797,26,Male,Middle,Married,Master's,Middle,Chavarría,Home Appliances,128.01,2,Mixed,4,2,1.0,Medium,Somewhat Sensitive,0,1,High,Smartphone,Debit Card,2024-04-17,True,False,Need-based,No Preference,10,Unknown,26-35
74-051-7865,19,Female,High,Divorced,Bachelor's,High,Deqing,Baby Products,390.44,4,Mixed,5,1,0.0,Medium,Very Sensitive,0,4,High,Desktop,Other,2024-02-15,True,False,Need-based,Standard,4,CN,18-25
40-450-4266,37,Female,Middle,Single,Bachelor's,Middle,Sala,Health Care,61.5,11,Mixed,4,2,0.0,Medium,Very Sensitive,0,1,High,Smartphone,Other,2024-01-26,True,True,Planned,Express,8,Unknown,36-45
78-796-5651,35,Female,Middle,Divorced,High School,High,Dłutów,Office Supplies,234.44,6,In-Store,3,5,2.0,Medium,Very Sensitive,0,1,High,Desktop,Other,2024-05-23,False,True,Impulsive,Express,5,Unknown,26-35
78-163-4800,43,Male,Middle,Single,Master's,Middle,Regimin,Toys & Games,318.84,6,Online,1,1,2.0,Low,Very Sensitive,0,4,High,Tablet,Other,2024-04-20,False,True,Wants-based,Standard,10,Unknown,36-45
14-118-5229,25,Male,Middle,Divorced,Master's,High,Dayr Sharaf,Books,475.64,3,Online,3,4,1.0,Low,Very Sensitive,1,2,Medium,Smartphone,PayPal,2024-02-15,True,True,Planned,Standard,9,Unknown,18-25
21-959-5766,24,Other,High,Married,High School,Middle,Ma'an,Luxury Goods,196.63,9,Online,4,2,2.0,Medium,Somewhat Sensitive,1,6,Low,Tablet,Other,2024-12-15,True,False,Need-based,No Preference,7,JO,18-25
35-850-8676,24,Female,High,Married,High School,Middle,Sishilichengzi,Luxury Goods,472.52,8,Online,2,4,0.0,Low,Somewhat Sensitive,2,8,Medium,Tablet,Cash,2024-01-24,False,True,Planned,No Preference,14,Unknown,18-25
78-503-0416,25,Male,Middle,Single,High School,High,Villa Dolores,Luxury Goods,85.57,12,In-Store,2,1,1.0,Low,Very Sensitive,2,4,Medium,Tablet,Debit Card,2024-08-31,True,True,Planned,No Preference,9,AR,18-25
93-989-8649,26,Male,Middle,Divorced,Bachelor's,Middle,Shibushi,Food & Beverages,172.5,8,Online,1,3,0.0,Medium,Somewhat Sensitive,0,8,Low,Desktop,Credit Card,2024-07-19,True,False,Impulsive,No Preference,7,JP,26-35
80-277-3242,36,Male,High,Widowed,High School,Middle,Montreuil,Travel & Leisure (Flights,342.39,8,In-Store,1,5,2.0,Low,Very Sensitive,2,3,High,Desktop,Other,2024-01-04,False,False,Need-based,Standard,9,FR,36-45
50-510-5119,43,Male,High,Widowed,Master's,High,Montecristi,Beauty & Personal Care,322.4,7,Mixed,4,2,1.0,Medium,Very Sensitive,2,3,Medium,Tablet,Cash,2024-08-07,True,True,Need-based,Express,2,EC,36-45
63-964-6954,19,Female,High,Married,High School,Middle,Prince Albert,Health Care,73.19,5,Mixed,2,5,1.0,Low,Not Sensitive,2,8,High,Smartphone,PayPal,2024-04-11,False,True,Need-based,No Preference,3,CA,18-25
55-569-9247,41,Female,Middle,Married,Master's,High,Göteborg,Toys & Games,279.08,10,Online,4,2,1.0,High,Not Sensitive,2,7,Medium,Smartphone,Credit Card,2024-04-25,False,True,Wants-based,No Preference,3,SE,36-45
77-626-7240,25,Male,High,Widowed,Master's,High,Liushun,Food & Beverages,86.39,5,Mixed,4,5,1.0,High,Somewhat Sensitive,1,1,Medium,Desktop,Debit Card,2024-09-09,False,False,Need-based,Standard,7,Unknown,18-25
75-915-9803,45,Male,High,Widowed,Bachelor's,Middle,Sancha,Baby Products,192.35,11,Mixed,3,5,2.0,High,Not Sensitive,2,1,High,Smartphone,Credit Card,2024-05-08,True,False,Impulsive,Express,11,Unknown,36-45
78-905-2660,36,Female,Middle,Divorced,Bachelor's,High,Damnoen Saduak,Beauty & Personal Care,235.32,7,Online,2,1,1.0,Medium,Very Sensitive,1,10,High,Desktop,PayPal,2024-06-09,False,True,Impulsive,Express,11,TH,36-45
02-677-6735,21,Female,High,Widowed,High School,High,Cianorte,Electronics,212.63,8,Online,4,2,1.0,Low,Very Sensitive,0,4,High,Desktop,Debit Card,2024-08-27,False,True,Need-based,No Preference,6,BR,18-25
99-477-8256,25,Female,Middle,Single,Master's,High,Kāshmar,Gardening & Outdoors,343.77,6,Online,4,3,2.0,Low,Somewhat Sensitive,2,9,High,Desktop,Cash,2024-09-18,True,True,Wants-based,Express,6,IR,18-25
03-992-3728,26,Other,Middle,Married,Bachelor's,High,‘Arad,Groceries,339.32,9,In-Store,2,4,0.0,Medium,Very Sensitive,1,4,High,Tablet,Other,2024-09-05,False,False,Need-based,No Preference,7,Unknown,26-35
24-878-4507,34,Male,High,Divorced,Bachelor's,Middle,Lenart v Slov. Goricah,Clothing,327.05,9,Mixed,5,4,0.0,Low,Somewhat Sensitive,2,3,High,Desktop,Cash,2024-08-06,False,True,Need-based,No Preference,7,Unknown,26-35
22-106-8347,48,Male,High,Divorced,Master's,Middle,Bigaa,Toys & Games,334.45,2,In-Store,2,5,0.0,Medium,Not Sensitive,2,9,High,Tablet,Credit Card,2024-06-18,True,False,Impulsive,No Preference,6,Unknown,46-55
81-479-0790,19,Male,High,Single,Bachelor's,Middle,Guadalupe,Food & Beverages,366.16,12,Mixed,4,4,2.0,Medium,Somewhat Sensitive,1,5,Low,Desktop,Credit Card,2024-08-26,False,False,Need-based,No Preference,4,PE,18-25
03-023-9932,37,Female,High,Widowed,Bachelor's,Middle,Xiaruyue,Groceries,481.78,8,In-Store,5,2,0.0,Medium,Very Sensitive,2,4,Low,Tablet,Debit Card,2024-04-24,True,True,Wants-based,Express,1,Unknown,36-45
09-369-0588,42,Male,High,Single,Bachelor's,Middle,Dalumangcob,Gardening & Outdoors,333.18,6,In-Store,1,1,0.0,Medium,Very Sensitive,2,5,Low,Smartphone,Other,2024-04-16,True,False,Planned,Express,8,Unknown,36-45
87-727-6434,28,Female,High,Widowed,Master's,Middle,Cravo Norte,Arts & Crafts,73.23,8,Online,2,2,2.0,Low,Very Sensitive,1,2,Low,Smartphone,Credit Card,2024-07-17,True,True,Need-based,No Preference,6,Unknown,26-35
93-413-4758,31,Female,Middle,Single,Master's,High,Samamiya,Hotels,182.6,4,Online,5,2,0.3,Low,Not Sensitive,2,9,High,Tablet,PayPal,2024-05-31,False,True,Wants-based,Express,5,Unknown,26-35
15-663-7994,20,Female,Middle,Widowed,Bachelor's,High,Tanahmerah,Jewelry & Accessories,497.8,2,Online,3,5,0.2,High,Somewhat Sensitive,1,2,Medium,Smartphone,Other,2024-01-21,True,False,Wants-based,No Preference,9,Unknown,18-25
29-319-4519,32,Male,High,Divorced,High School,High,Örebro,Food & Beverages,171.17,4,In-Store,1,3,0.0,High,Somewhat Sensitive,0,4,Medium,Desktop,Debit Card,2024-06-15,False,True,Wants-based,Standard,12,SE,26-35
40-347-2903,27,Female,Middle,Single,Bachelor's,High,Kefar Yona,Jewelry & Accessories,425.82,3,In-Store,4,5,1.0,Low,Not Sensitive,1,6,High,Smartphone,Cash,2024-04-19,True,True,Wants-based,Standard,11,Unknown,26-35
18-452-1635,19,Female,Middle,Widowed,Bachelor's,Middle,Pasto,Sports & Outdoors,210.58,10,In-Store,5,1,2.0,Low,Somewhat Sensitive,1,3,Low,Tablet,Debit Card,2024-09-12,True,True,Planned,No Preference,8,CO,18-25
47-710-5471,50,Male,Middle,Single,High School,Middle,Huangtan,Beauty & Personal Care,199.64,11,Online,5,4,1.0,High,Somewhat Sensitive,1,5,High,Desktop,PayPal,2024-09-04,False,True,Planned,Express,8,Unknown,46-55
88-167-7129,40,Other,High,Married,Bachelor's,Middle,Il’inskiy,Packages),162.22,10,In-Store,5,5,0.2,High,Somewhat Sensitive,1,1,Medium,Desktop,Other,2024-04-28,True,True,Wants-based,No Preference,8,Unknown,36-45
46-678-4172,24,Female,Middle,Married,Master's,Middle,Na Chaluai,Luxury Goods,365.88,12,Online,3,3,2.0,Medium,Very Sensitive,0,9,High,Smartphone,Other,2024-11-05,True,False,Need-based,Express,7,Unknown,18-25
14-249-1256,46,Male,Middle,Single,High School,Middle,Marolambo,Beauty & Personal Care,58.29,6,Mixed,2,3,2.0,Medium,Somewhat Sensitive,1,7,Low,Tablet,Other,2024-02-13,False,True,Impulsive,Standard,14,MG,46-55
75-617-1460,50,Male,High,Married,Master's,High,Wiwilí,Health Supplements,66.86,3,Mixed,1,1,1.0,Medium,Very Sensitive,0,10,Medium,Desktop,Other,2024-01-25,True,True,Wants-based,Express,9,Unknown,46-55
10-247-0192,29,Female,High,Single,Bachelor's,Middle,Cali,Groceries,279.34,5,Mixed,3,1,0.0,Medium,Very Sensitive,2,6,Low,Tablet,PayPal,2024-08-22,False,True,Wants-based,No Preference,11,CO,26-35
91-857-0797,22,Other,High,Widowed,High School,Middle,Pinagsibaan,Baby Products,435.37,11,Online,4,2,1.0,Low,Very Sensitive,0,3,High,Tablet,Credit Card,2024-08-30,True,True,Planned,Standard,4,Unknown,18-25
48-609-7715,43,Female,High,Divorced,Master's,Middle,Aguilares,Jewelry & Accessories,426.89,2,Mixed,5,1,1.0,High,Not Sensitive,1,3,Low,Smartphone,PayPal,2024-11-02,True,False,Wants-based,Express,10,SV,36-45
13-571-6506,25,Male,Middle,Divorced,Master's,High,Muslyumovo,Animal Feed,365.37,6,Mixed,1,2,1.0,Low,Very Sensitive,1,5,Low,Smartphone,PayPal,2024-07-02,True,True,Wants-based,Express,7,Unknown,18-25
47-073-6440,21,Female,Middle,Divorced,Master's,High,Taiyuan,Mobile Accessories,487.25,4,Online,3,2,1.0,High,Very Sensitive,0,4,High,Desktop,Cash,2024-10-08,False,False,Wants-based,Standard,1,CN,18-25
50-303-1693,29,Female,Middle,Married,High School,High,Chatturat,Baby Products,187.22,10,Online,5,3,0.0,Medium,Very Sensitive,1,4,Low,Desktop,Credit Card,2024-06-04,False,False,Wants-based,Standard,4,Unknown,26-35
09-513-4923,38,Other,High,Divorced,Master's,High,Kadugadung,Travel & Leisure (Flights,246.74,10,Online,2,3,0.0,Medium,Not Sensitive,1,6,High,Desktop,PayPal,2024-03-27,False,False,Need-based,Express,8,Unknown,36-45
82-975-8569,26,Male,High,Widowed,Bachelor's,High,Paris 15,Luxury Goods,128.74,12,Mixed,5,1,1.0,Medium,Somewhat Sensitive,1,8,High,Desktop,PayPal,2024-01-06,False,True,Planned,Standard,1,Unknown,26-35
70-774-7728,41,Female,Middle,Widowed,Master's,Middle,Dualing,Toys & Games,339.63,2,In-Store,3,3,2.0,Medium,Very Sensitive,2,1,Low,Tablet,PayPal,2024-08-26,True,False,Impulsive,No Preference,6,Unknown,36-45
04-832-3559,26,Male,Middle,Widowed,Bachelor's,Middle,Narol,Beauty & Personal Care,88.4,5,In-Store,5,2,0.0,Medium,Not Sensitive,0,4,Medium,Desktop,Cash,2024-05-26,True,False,Need-based,No Preference,4,Unknown,26-35
31-783-9785,19,Female,High,Divorced,Master's,Middle,Jambuwerkrajan,Toys & Games,218.65,3,Online,4,2,2.0,Low,Very Sensitive,0,9,Medium,Smartphone,Credit Card,2024-07-17,True,True,Impulsive,Standard,4,Unknown,18-25
58-059-8187,27,Male,High,Widowed,High School,Middle,Ozubulu,Health Supplements,207.66,10,In-Store,2,3,1.0,High,Very Sensitive,2,2,Medium,Desktop,Other,2024-07-08,False,True,Wants-based,Standard,8,NG,26-35
74-882-6648,34,Female,High,Married,High School,High,Nakhchivan,Arts & Crafts,141.09,7,In-Store,3,4,0.0,High,Very Sensitive,2,3,High,Desktop,Debit Card,2024-06-19,False,True,Wants-based,Express,1,Unknown,26-35
25-085-7917,42,Female,Middle,Single,High School,High,Pallisa,Hotels,195.05,5,In-Store,2,1,2.0,Medium,Not Sensitive,0,10,High,Smartphone,Other,2024-05-21,True,False,Impulsive,No Preference,11,UG,36-45
66-085-1226,22,Female,Middle,Married,Master's,High,San Pascual,Groceries,432.84,7,Mixed,4,5,2.0,High,Very Sensitive,0,1,High,Tablet,Debit Card,2024-02-05,False,False,Wants-based,No Preference,4,PH,18-25
37-037-1765,30,Male,High,Married,Bachelor's,Middle,‘Aşīrah ash Shamālīyah,Jewelry & Accessories,404.12,6,In-Store,1,3,1.0,High,Very Sensitive,0,4,Low,Smartphone,Debit Card,2024-02-29,False,False,Impulsive,Express,11,Unknown,26-35
50-471-0212,19,Female,High,Single,Bachelor's,High,San Sebastián de Yalí,Jewelry & Accessories,233.02,4,Mixed,3,3,1.0,Medium,Not Sensitive,0,3,Medium,Smartphone,Cash,2024-10-29,False,False,Impulsive,Standard,8,Unknown,18-25
48-642-5768,26,Female,Middle,Widowed,Bachelor's,Middle,Shchëkino,Packages),273.41,7,Online,3,5,2.0,Low,Very Sensitive,0,9,Medium,Tablet,Other,2024-10-17,True,False,Planned,Standard,2,RU,26-35
15-152-9751,21,Female,High,Married,High School,Middle,Turkestan,Furniture,338.96,10,Online,1,4,2.0,High,Somewhat Sensitive,1,9,High,Desktop,Debit Card,2024-11-04,True,True,Wants-based,Standard,4,KZ,18-25
09-775-4058,23,Male,High,Married,High School,High,Perzów,Mobile Accessories,425.21,12,Online,2,4,2.0,Low,Somewhat Sensitive,0,4,High,Desktop,Other,2024-03-25,True,True,Planned,Express,12,Unknown,18-25
56-592-0089,35,Female,Middle,Divorced,Master's,High,Hengshui,Health Care,170.71,10,Mixed,5,3,0.0,Low,Somewhat Sensitive,1,9,Low,Desktop,Credit Card,2024-04-14,True,True,Planned,No Preference,7,CN,26-35
29-374-1297,33,Other,Middle,Widowed,High School,Middle,Nantes,Animal Feed,444.05,10,Online,5,4,0.0,Low,Not Sensitive,1,8,Medium,Desktop,PayPal,2024-06-04,True,True,Wants-based,Standard,8,FR,26-35
80-728-6133,47,Male,Middle,Divorced,High School,Middle,Tamorot,Gardening & Outdoors,255.1,5,Mixed,5,1,2.0,High,Very Sensitive,1,1,Low,Desktop,PayPal,2024-01-28,True,False,Planned,No Preference,14,Unknown,46-55
23-537-0742,20,Male,Middle,Widowed,Bachelor's,High,Anding,Furniture,201.69,11,Mixed,4,5,0.0,High,Very Sensitive,2,8,Low,Tablet,Other,2024-07-19,True,False,Planned,No Preference,3,Unknown,18-25
22-483-3115,37,Female,High,Single,Bachelor's,Middle,Rukem,Arts & Crafts,390.51,6,Online,3,2,0.0,Medium,Very Sensitive,0,2,High,Desktop,Cash,2024-04-15,False,False,Wants-based,Express,6,Unknown,36-45
57-372-5969,35,Other,High,Divorced,Master's,High,Bogovarovo,Clothing,442.29,9,Mixed,1,2,0.0,Medium,Somewhat Sensitive,1,2,Low,Tablet,PayPal,2024-09-11,False,False,Planned,Express,13,Unknown,26-35
39-075-3518,27,Male,Middle,Widowed,High School,High,Jaguaruana,Sports & Outdoors,166.74,6,Mixed,2,5,0.0,High,Not Sensitive,0,6,Low,Desktop,Other,2024-01-14,False,False,Impulsive,No Preference,1,BR,26-35
84-315-7189,29,Female,High,Married,Bachelor's,Middle,Ţāqchah Khānah,Mobile Accessories,299.28,12,Mixed,4,5,1.0,High,Somewhat Sensitive,0,9,High,Smartphone,Debit Card,2024-05-29,False,False,Wants-based,Standard,3,Unknown,26-35
06-594-3417,27,Male,High,Single,Bachelor's,High,Panagyurishte,Software & Apps,344.81,10,In-Store,3,1,2.0,Low,Somewhat Sensitive,1,9,High,Desktop,Other,2024-12-23,True,True,Wants-based,Express,14,BG,26-35
05-546-5128,21,Male,Middle,Divorced,Bachelor's,Middle,Clichy,Sports & Outdoors,445.34,9,In-Store,5,2,1.0,Low,Somewhat Sensitive,1,3,High,Tablet,Cash,2024-03-04,True,True,Impulsive,No Preference,3,FR,18-25
12-851-1771,50,Other,High,Married,High School,High,Zhukovo,Electronics,123.73,9,Online,1,4,0.0,High,Not Sensitive,2,5,High,Smartphone,Credit Card,2024-10-07,False,True,Need-based,No Preference,10,Unknown,46-55
79-960-1714,31,Male,Middle,Single,Master's,High,Nyköping,Travel & Leisure (Flights,370.54,2,In-Store,3,3,0.0,Low,Very Sensitive,1,9,Low,Smartphone,Credit Card,2024-03-25,True,False,Impulsive,No Preference,7,SE,26-35
91-532-5399,29,Male,Middle,Single,Master's,Middle,Bucaramanga,Health Supplements,295.75,4,Mixed,1,1,0.0,High,Somewhat Sensitive,1,10,Low,Tablet,Credit Card,2024-12-07,True,True,Need-based,Standard,8,CO,26-35
89-997-9041,36,Male,High,Widowed,High School,Middle,Kudanding,Office Supplies,358.11,11,Mixed,5,1,0.0,High,Very Sensitive,0,3,High,Desktop,Credit Card,2024-09-03,False,False,Need-based,Standard,11,Unknown,36-45
99-080-9462,24,Male,High,Single,High School,Middle,Saraburi,Books,419.53,3,Mixed,1,5,2.0,High,Not Sensitive,2,10,Medium,Tablet,Other,2024-03-27,False,False,Wants-based,Express,6,TH,18-25
87-056-8987,49,Other,High,Widowed,High School,Middle,Negeriagung,Groceries,491.92,10,In-Store,5,3,0.0,Medium,Very Sensitive,1,1,Low,Desktop,Credit Card,2024-12-29,False,False,Wants-based,Standard,2,Unknown,46-55
73-434-2308,19,Female,Middle,Married,Master's,High,Guanzhou,Mobile Accessories,388.82,10,Mixed,2,3,0.0,Low,Very Sensitive,0,8,Low,Desktop,Other,2024-09-03,False,False,Need-based,No Preference,6,Unknown,18-25
84-260-6464,23,Female,Middle,Married,Bachelor's,High,Tabuc Pontevedra,Mobile Accessories,58.32,7,In-Store,1,5,0.0,Low,Not Sensitive,1,6,Low,Smartphone,PayPal,2024-03-13,True,True,Need-based,Standard,8,Unknown,18-25
00-149-4481,28,Female,High,Divorced,Master's,High,Kabale,Groceries,464.76,2,Mixed,5,1,0.0,Low,Very Sensitive,0,3,Low,Desktop,Debit Card,2024-02-04,False,True,Need-based,No Preference,3,UG,26-35
45-795-1873,20,Other,High,Widowed,Master's,Middle,Jagistay,Packages),393.35,7,Mixed,3,4,2.0,High,Not Sensitive,0,4,High,Tablet,Credit Card,2024-06-16,True,True,Need-based,No Preference,12,Unknown,18-25
06-647-3248,26,Female,High,Single,Master's,High,Yuannan,Electronics,114.03,7,Mixed,4,3,0.0,Medium,Not Sensitive,1,10,High,Tablet,Credit Card,2024-04-13,True,True,Planned,No Preference,6,Unknown,26-35
08-806-0588,25,Male,High,Single,High School,Middle,Al Qarārah,Health Supplements,434.86,11,In-Store,2,5,2.0,High,Somewhat Sensitive,0,4,Medium,Smartphone,Other,2024-06-24,True,False,Impulsive,Express,11,PS,18-25
94-746-2001,30,Female,Middle,Married,Bachelor's,Middle,Fandriana,Office Supplies,489.1,9,Mixed,3,4,1.0,Low,Somewhat Sensitive,2,4,Medium,Smartphone,Credit Card,2024-11-18,True,False,Need-based,Standard,13,MG,26-35
38-943-5744,19,Other,High,Married,Bachelor's,High,Carregueira,Jewelry & Accessories,288.15,3,Online,1,4,1.0,High,Somewhat Sensitive,1,4,Medium,Tablet,Cash,2024-08-06,True,False,Impulsive,Standard,13,Unknown,18-25
98-535-8497,35,Male,High,Divorced,Master's,Middle,Lincheng,Clothing,105.87,12,Mixed,3,2,1.0,Low,Not Sensitive,1,1,Medium,Tablet,Cash,2024-09-15,False,False,Planned,Express,4,Unknown,26-35
33-243-8793,45,Male,Middle,Widowed,High School,High,Semenivka,Luxury Goods,163.4,3,In-Store,3,5,1.0,High,Somewhat Sensitive,2,10,High,Desktop,Cash,2024-07-08,True,False,Planned,Standard,7,Unknown,36-45
64-180-2404,48,Male,Middle,Divorced,High School,High,Cendagah,Gardening & Outdoors,361.48,10,Online,1,4,1.0,Medium,Somewhat Sensitive,2,9,High,Tablet,Cash,2024-06-16,True,True,Wants-based,Express,13,Unknown,46-55
94-682-4886,27,Male,Middle,Single,Bachelor's,High,Gawul,Gardening & Outdoors,241.56,12,Mixed,3,2,0.0,High,Not Sensitive,0,5,High,Tablet,PayPal,2024-11-28,True,False,Need-based,Express,2,Unknown,26-35
55-944-9669,32,Other,Middle,Divorced,Master's,High,Sobeok,Clothing,249.73,5,Mixed,1,4,2.0,Low,Very Sensitive,1,4,Low,Desktop,Cash,2024-11-15,True,False,Wants-based,No Preference,1,Unknown,26-35
28-855-1639,46,Male,High,Single,High School,Middle,Jiaozuo,Electronics,445.93,6,Online,5,5,2.0,High,Somewhat Sensitive,2,4,High,Smartphone,Debit Card,2024-05-15,False,True,Need-based,No Preference,13,CN,46-55
58-233-5963,34,Male,High,Single,Bachelor's,High,Gualeguay,Travel & Leisure (Flights,393.09,8,Online,5,3,2.0,Medium,Somewhat Sensitive,0,3,Medium,Tablet,Cash,2024-04-11,False,True,Planned,Standard,1,AR,26-35
73-359-1998,24,Female,Middle,Divorced,Bachelor's,Middle,Dicamay,Mobile Accessories,159.3,11,Mixed,5,4,0.0,Medium,Somewhat Sensitive,0,6,High,Tablet,PayPal,2024-04-24,False,True,Impulsive,Express,2,Unknown,18-25
84-459-7736,22,Other,Middle,Widowed,Master's,Middle,Xiluodu,Luxury Goods,324.39,5,Online,2,2,0.0,High,Very Sensitive,1,6,Medium,Desktop,PayPal,2024-11-19,True,False,Need-based,Express,1,Unknown,18-25
07-395-5818,37,Other,High,Single,High School,High,Ḩabābah,Clothing,198.89,2,In-Store,2,2,0.0,High,Not Sensitive,0,4,Low,Tablet,Credit Card,2024-01-12,False,False,Impulsive,Standard,1,Unknown,36-45
68-129-1060,37,Female,High,Divorced,Bachelor's,High,Abaeté,Arts & Crafts,92.97,6,In-Store,5,5,0.0,Medium,Very Sensitive,0,7,Low,Desktop,Other,2024-12-15,False,True,Impulsive,Standard,7,BR,36-45
04-052-5592,41,Male,Middle,Widowed,High School,Middle,Xiaqiao,Food & Beverages,144.39,12,In-Store,5,3,2.0,High,Very Sensitive,0,4,Low,Desktop,Cash,2024-06-11,True,True,Impulsive,Standard,12,Unknown,36-45
89-833-7175,43,Male,Middle,Widowed,High School,High,Kęsowo,Animal Feed,209.62,12,Mixed,1,2,1.0,Medium,Very Sensitive,0,7,Medium,Tablet,Other,2024-10-12,True,False,Planned,Standard,9,Unknown,36-45
08-117-9893,49,Male,High,Single,High School,Middle,Colombo,Baby Products,411.62,6,Mixed,2,1,0.0,Medium,Somewhat Sensitive,2,7,Medium,Tablet,PayPal,2024-10-05,True,False,Wants-based,Express,12,LK,46-55
95-999-0984,33,Male,High,Divorced,Bachelor's,Middle,Nanyaojie,Packages),159.82,2,In-Store,2,1,1.0,High,Very Sensitive,2,8,Medium,Tablet,Cash,2024-12-09,True,True,Planned,No Preference,10,Unknown,26-35
38-881-0766,27,Male,Middle,Widowed,High School,Middle,Centenario,Beauty & Personal Care,299.75,12,Mixed,2,5,0.3,Low,Very Sensitive,0,4,Low,Desktop,Credit Card,2024-07-05,False,True,Need-based,No Preference,7,PE,26-35
17-344-8603,29,Male,High,Divorced,Bachelor's,Middle,Al Jīzah,Animal Feed,319.38,9,In-Store,4,1,0.0,Low,Not Sensitive,1,6,High,Tablet,PayPal,2024-11-15,True,True,Need-based,No Preference,8,Unknown,26-35
42-101-8525,21,Male,Middle,Widowed,Bachelor's,Middle,Curahkalak Tengah,Gardening & Outdoors,301.01,9,Mixed,2,1,2.0,High,Not Sensitive,2,8,Medium,Smartphone,Other,2024-08-23,False,True,Need-based,Express,13,Unknown,18-25
27-843-5553,44,Other,Middle,Single,Bachelor's,Middle,Tío Pujio,Mobile Accessories,314.32,6,Online,1,4,2.0,High,Very Sensitive,2,5,Low,Smartphone,Credit Card,2024-03-16,True,False,Impulsive,Standard,7,Unknown,36-45
08-584-8296,18,Female,Middle,Divorced,High School,High,Shaxi,Food & Beverages,218.26,4,Mixed,3,1,2.0,Low,Very Sensitive,0,8,High,Smartphone,Debit Card,2024-02-27,False,False,Wants-based,Standard,12,Unknown,18-25
65-167-9819,28,Male,High,Divorced,High School,Middle,Punta Gorda,Luxury Goods,430.75,11,Online,1,3,1.0,Low,Somewhat Sensitive,0,8,High,Tablet,Credit Card,2024-06-24,True,False,Planned,No Preference,6,US,26-35
19-925-2376,24,Male,High,Single,Bachelor's,Middle,Segodim,Mobile Accessories,162.95,11,In-Store,1,2,2.0,High,Very Sensitive,1,8,Low,Desktop,Cash,2024-07-21,False,True,Impulsive,Express,14,Unknown,18-25
62-701-1037,49,Male,Middle,Widowed,Master's,High,Lazarevac,Books,192.51,9,Mixed,2,5,2.0,Medium,Very Sensitive,0,2,Medium,Smartphone,Credit Card,2024-08-23,True,False,Need-based,Standard,9,RS,46-55
04-809-8989,25,Female,High,Married,High School,Middle,Zhongcun,Furniture,239.28,8,Online,1,4,1.0,Medium,Somewhat Sensitive,2,5,Medium,Tablet,Other,2024-11-08,False,True,Impulsive,No Preference,10,Unknown,18-25
39-867-1989,40,Female,High,Widowed,High School,High,Gaopeng,Mobile Accessories,306.17,4,In-Store,3,5,1.0,Medium,Somewhat Sensitive,0,6,Medium,Tablet,PayPal,2024-01-29,False,True,Wants-based,Express,8,Unknown,36-45
85-885-6579,50,Male,Middle,Single,Bachelor's,Middle,Tirana,Arts & Crafts,346.58,6,Mixed,5,1,1.0,High,Somewhat Sensitive,0,9,Low,Tablet,Other,2024-06-03,False,False,Impulsive,Express,7,AL,46-55
02-711-1034,48,Female,High,Widowed,High School,Middle,Likhoy,Beauty & Personal Care,51.44,2,In-Store,1,3,2.0,High,Not Sensitive,0,1,High,Tablet,Other,2024-05-17,True,False,Planned,No Preference,5,Unknown,46-55
27-347-7437,44,Female,High,Married,Bachelor's,High,Mineiros,Luxury Goods,405.7,12,Online,1,3,1.0,Low,Very Sensitive,2,10,Low,Tablet,Credit Card,2024-02-17,True,True,Wants-based,Standard,14,BR,36-45
95-675-7816,19,Female,High,Widowed,Master's,Middle,Noisy-le-Grand,Groceries,311.74,11,Mixed,1,4,2.0,Low,Somewhat Sensitive,2,10,Medium,Smartphone,PayPal,2024-01-17,True,False,Impulsive,Express,11,FR,18-25
73-991-0066,35,Female,High,Single,Bachelor's,Middle,San Marcos de Colón,Baby Products,418.51,6,Online,4,4,2.0,Low,Somewhat Sensitive,2,2,High,Desktop,Credit Card,2024-05-01,False,True,Need-based,Standard,3,Unknown,26-35
62-273-8089,39,Male,Middle,Single,Master's,Middle,Pokrovka,Health Care,85.03,9,In-Store,5,4,1.0,Medium,Not Sensitive,0,9,High,Smartphone,Credit Card,2024-10-06,True,True,Wants-based,Express,8,Unknown,36-45
51-220-3072,31,Male,Middle,Married,Master's,High,Shuntian,Mobile Accessories,164.94,4,In-Store,4,4,2.0,High,Somewhat Sensitive,2,2,Low,Desktop,PayPal,2024-07-18,True,True,Wants-based,Express,6,Unknown,26-35
17-648-0171,38,Female,High,Widowed,Bachelor's,Middle,João Câmara,Groceries,89.32,11,Online,1,1,0.3,Low,Somewhat Sensitive,1,3,High,Desktop,Other,2024-04-23,True,False,Wants-based,No Preference,12,BR,36-45
81-604-7906,49,Male,Middle,Divorced,High School,High,Tewulike,Hotels,61.71,6,Mixed,2,5,1.0,Low,Very Sensitive,2,7,Low,Tablet,Cash,2024-10-03,False,False,Impulsive,No Preference,12,Unknown,46-55
87-518-0375,46,Other,Middle,Divorced,High School,High,Bistrinci,Sports & Outdoors,83.33,11,In-Store,1,5,1.0,Medium,Very Sensitive,1,6,Low,Desktop,Debit Card,2024-02-27,True,True,Planned,Express,1,Unknown,46-55
53-437-2629,42,Male,High,Single,Bachelor's,Middle,Chenguang,Books,411.81,4,Mixed,1,3,1.0,High,Somewhat Sensitive,1,1,High,Smartphone,Cash,2024-04-08,True,True,Planned,Standard,1,Unknown,36-45
43-990-6454,33,Female,High,Divorced,Master's,Middle,Qorveh,Jewelry & Accessories,438.42,11,Online,3,2,2.0,Medium,Very Sensitive,0,4,Low,Tablet,Cash,2024-09-10,True,False,Planned,Express,4,IR,26-35
55-570-3804,36,Male,Middle,Widowed,Master's,Middle,Bom Despacho,Luxury Goods,189.97,2,In-Store,2,3,1.0,High,Somewhat Sensitive,0,3,Medium,Smartphone,Credit Card,2024-03-06,True,False,Need-based,Standard,8,BR,36-45
29-067-4901,35,Male,High,Divorced,Master's,Middle,Arhust,Health Supplements,227.03,12,Online,2,2,0.0,High,Very Sensitive,2,10,Low,Desktop,PayPal,2024-07-07,True,True,Planned,Standard,2,Unknown,26-35
93-957-6269,26,Male,High,Divorced,Bachelor's,Middle,Thaton,Home Appliances,278.49,4,Mixed,5,5,0.0,Low,Somewhat Sensitive,1,5,Low,Smartphone,Credit Card,2024-09-08,True,True,Need-based,Express,8,MM,26-35
47-178-9529,37,Female,High,Divorced,Master's,Middle,Bida,Jewelry & Accessories,217.72,3,In-Store,4,4,2.0,Medium,Not Sensitive,1,4,High,Tablet,Debit Card,2024-10-16,False,True,Wants-based,No Preference,14,NG,36-45
71-573-6085,31,Female,Middle,Widowed,Master's,High,Trzemeszno,Luxury Goods,132.52,6,Mixed,1,2,0.0,Medium,Somewhat Sensitive,2,10,Low,Smartphone,Debit Card,2024-12-20,True,True,Impulsive,Express,12,Unknown,26-35
91-810-3612,36,Female,Middle,Married,Bachelor's,Middle,Dashkawka,Sports & Outdoors,379.2,7,Online,5,1,0.0,Medium,Very Sensitive,2,2,High,Smartphone,Debit Card,2024-05-28,True,True,Need-based,No Preference,7,Unknown,36-45
52-150-4629,23,Female,High,Divorced,Master's,High,Maomiaoji,Sports & Outdoors,145.98,4,In-Store,1,2,1.0,Low,Very Sensitive,2,5,High,Desktop,Other,2024-09-16,False,False,Need-based,No Preference,1,Unknown,18-25
48-918-4473,28,Male,Middle,Married,High School,High,Pingtian,Software & Apps,405.66,11,Online,5,2,1.0,Medium,Somewhat Sensitive,1,3,High,Tablet,Cash,2024-04-27,True,False,Impulsive,Express,11,Unknown,26-35
35-880-9374,36,Female,Middle,Widowed,Bachelor's,High,Karengan,Arts & Crafts,368.91,10,In-Store,1,3,2.0,High,Not Sensitive,2,10,High,Desktop,Debit Card,2024-03-21,False,False,Need-based,No Preference,7,Unknown,36-45
08-614-6177,32,Male,Middle,Widowed,Master's,Middle,Sungai Raya,Home Appliances,100.32,2,In-Store,5,1,1.0,Low,Very Sensitive,0,1,Medium,Tablet,Credit Card,2024-12-11,False,True,Planned,Express,8,ID,26-35
35-879-0014,34,Male,High,Married,Master's,Middle,Zwedru,Food & Beverages,107.82,7,Mixed,5,3,2.0,High,Very Sensitive,2,10,Low,Smartphone,Credit Card,2024-12-04,False,True,Wants-based,No Preference,2,LR,26-35
91-570-2695,50,Male,Middle,Married,High School,Middle,Ţahţā,Baby Products,83.88,11,Online,4,2,1.0,Medium,Not Sensitive,0,6,Low,Desktop,Other,2024-02-24,True,True,Planned,Express,4,EG,46-55
54-193-3526,24,Female,Middle,Widowed,Bachelor's,Middle,Masaran,Travel & Leisure (Flights,81.25,9,Online,1,2,1.0,Low,Very Sensitive,2,8,Medium,Desktop,Cash,2024-05-24,True,True,Planned,No Preference,10,Unknown,18-25
90-569-7391,18,Female,Middle,Single,Bachelor's,Middle,Skoútari,Health Supplements,197.9,11,Mixed,2,4,2.0,Medium,Not Sensitive,1,4,Low,Desktop,Debit Card,2024-04-02,True,True,Wants-based,Standard,5,Unknown,18-25
88-395-8741,44,Male,High,Divorced,High School,Middle,Jelat,Travel & Leisure (Flights,299.09,8,In-Store,1,1,2.0,High,Very Sensitive,2,7,High,Tablet,Debit Card,2024-06-24,False,False,Impulsive,Standard,14,Unknown,36-45
06-638-0433,41,Male,High,Married,High School,Middle,Doibang,Travel & Leisure (Flights,79.3,10,Online,3,2,1.0,Low,Somewhat Sensitive,2,4,High,Smartphone,Debit Card,2024-09-03,False,False,Planned,No Preference,2,Unknown,36-45
84-208-7045,33,Male,High,Divorced,High School,High,Kazimierz Dolny,Books,55.73,12,In-Store,4,3,0.3,Medium,Not Sensitive,1,3,High,Tablet,PayPal,2024-05-19,False,True,Need-based,Express,3,Unknown,26-35
71-568-0867,46,Male,High,Single,Bachelor's,High,Margasari,Software & Apps,256.44,8,In-Store,4,1,2.0,High,Somewhat Sensitive,1,6,Medium,Tablet,Other,2024-08-04,False,False,Wants-based,Express,3,ID,46-55
69-394-1424,35,Female,High,Single,Master's,Middle,Muff,Software & Apps,494.97,12,In-Store,5,4,2.0,Low,Not Sensitive,1,5,Low,Tablet,Debit Card,2024-08-16,False,False,Planned,No Preference,7,Unknown,26-35
91-695-8237,31,Female,Middle,Widowed,High School,High,Kryva Hora,Arts & Crafts,238.58,6,Online,3,2,2.0,Medium,Very Sensitive,2,9,Medium,Tablet,PayPal,2024-06-11,True,True,Wants-based,Standard,8,Unknown,26-35
28-862-5550,49,Female,Middle,Married,Bachelor's,High,General Lavalle,Food & Beverages,403.03,12,Mixed,1,5,1.0,Medium,Somewhat Sensitive,0,1,High,Tablet,Other,2024-08-22,True,True,Wants-based,Standard,2,Unknown,46-55
85-666-7449,26,Female,High,Widowed,Bachelor's,High,Zhongzhang,Health Supplements,338.6,10,In-Store,1,3,2.0,Medium,Somewhat Sensitive,1,3,Medium,Desktop,Other,2024-08-24,False,False,Planned,No Preference,9,Unknown,26-35
30-987-7421,36,Male,Middle,Widowed,High School,High,Estacion,Furniture,365.38,11,Online,1,4,0.0,High,Somewhat Sensitive,0,9,Medium,Desktop,Cash,2024-08-01,False,False,Wants-based,Express,14,Unknown,36-45
82-692-9306,41,Male,High,Married,High School,Middle,Ropa,Baby Products,356.22,7,In-Store,2,5,0.0,Medium,Very Sensitive,1,7,High,Smartphone,Credit Card,2024-06-10,False,True,Planned,Express,6,Unknown,36-45
18-593-8611,22,Other,High,Single,High School,Middle,San Diego,Health Supplements,156.4,7,In-Store,4,5,2.0,Low,Somewhat Sensitive,1,7,Low,Desktop,Credit Card,2024-11-07,False,True,Need-based,Standard,4,US,18-25
93-093-0556,42,Male,Middle,Single,Master's,Middle,Pan-an,Sports & Outdoors,454.36,3,In-Store,4,5,1.0,Low,Very Sensitive,1,8,Medium,Tablet,Cash,2024-09-16,True,False,Planned,No Preference,12,Unknown,36-45
64-915-2968,30,Female,High,Divorced,High School,Middle,Týn nad Vltavou,Packages),427.86,11,Mixed,4,3,1.0,Medium,Not Sensitive,0,6,Medium,Desktop,Debit Card,2024-03-03,True,True,Need-based,Express,8,Unknown,26-35
54-877-5699,21,Male,High,Married,Master's,High,Madan,Sports & Outdoors,340.31,10,Online,5,1,1.0,Low,Somewhat Sensitive,0,5,Low,Desktop,Other,2024-09-18,False,True,Impulsive,No Preference,14,Unknown,18-25
60-834-3348,32,Female,Middle,Married,Master's,Middle,Gafargaon,Jewelry & Accessories,433.14,10,In-Store,3,1,2.0,Medium,Not Sensitive,2,3,High,Tablet,Debit Card,2024-07-09,False,False,Impulsive,No Preference,5,BD,26-35
77-742-5663,47,Female,Middle,Widowed,High School,High,Qingban,Jewelry & Accessories,375.7,6,Online,3,1,2.0,Low,Very Sensitive,2,10,Medium,Tablet,Other,2024-09-27,True,False,Wants-based,No Preference,10,Unknown,46-55
05-167-0833,21,Male,Middle,Single,Master's,Middle,Labège,Travel & Leisure (Flights,381.3,12,Online,2,1,1.0,High,Very Sensitive,0,4,Low,Desktop,Credit Card,2024-01-09,False,False,Planned,Express,7,Unknown,18-25
86-182-9556,34,Male,High,Widowed,High School,High,Port Elizabeth,Electronics,210.21,4,Mixed,4,1,2.0,High,Very Sensitive,0,10,High,Desktop,PayPal,2024-07-05,False,True,Need-based,No Preference,14,ZA,26-35
14-415-2802,29,Male,Middle,Widowed,Master's,High,Sauri,Health Supplements,408.81,8,Mixed,5,4,2.0,Low,Very Sensitive,1,3,Medium,Desktop,Debit Card,2024-07-16,False,True,Wants-based,Express,12,Unknown,26-35
49-469-9163,20,Female,Middle,Divorced,Bachelor's,High,Desakolot,Jewelry & Accessories,118.65,10,Mixed,1,3,0.0,Low,Very Sensitive,0,2,Low,Smartphone,Credit Card,2024-01-09,True,True,Impulsive,Standard,13,Unknown,18-25
67-937-6624,50,Male,High,Divorced,Bachelor's,Middle,Huambo,Software & Apps,166.45,7,Mixed,5,2,2.0,Low,Very Sensitive,2,1,High,Smartphone,Cash,2024-08-13,True,False,Planned,Express,12,AO,46-55
91-761-9492,29,Female,Middle,Divorced,Master's,High,Luoting,Travel & Leisure (Flights,385.32,10,Online,1,1,1.0,Low,Very Sensitive,0,1,Medium,Smartphone,PayPal,2024-09-05,True,True,Impulsive,Standard,9,Unknown,26-35
19-383-9741,37,Male,Middle,Widowed,High School,Middle,Zarechnyy,Toys & Games,161.41,9,Mixed,1,4,0.0,Low,Very Sensitive,1,8,High,Desktop,PayPal,2024-04-07,True,False,Impulsive,Standard,3,RU,36-45
71-436-6908,47,Male,High,Divorced,Bachelor's,Middle,Arnprior,Toys & Games,237.57,5,Online,3,3,0.0,Medium,Somewhat Sensitive,0,3,Medium,Smartphone,Cash,2024-04-25,True,True,Need-based,No Preference,11,Unknown,46-55
44-938-7475,28,Female,High,Single,Bachelor's,High,Tochio-honchō,Hotels,81.23,9,Mixed,2,5,2.0,High,Not Sensitive,1,10,Medium,Tablet,Cash,2024-03-26,False,True,Wants-based,Standard,6,JP,26-35
55-279-3045,23,Male,Middle,Single,High School,Middle,Pasadena,Hotels,257.43,5,Online,4,2,0.0,Low,Somewhat Sensitive,1,7,Low,Desktop,Other,2024-04-14,True,True,Need-based,Standard,13,US,18-25
59-997-3903,42,Male,High,Divorced,High School,High,Barishāl,Arts & Crafts,305.73,7,Mixed,2,5,1.0,Medium,Not Sensitive,2,8,Medium,Tablet,Cash,2024-12-14,True,False,Planned,Express,14,Unknown,36-45
12-029-9344,32,Male,High,Single,Bachelor's,High,Kihurio,Toys & Games,249.82,10,In-Store,5,3,1.0,High,Not Sensitive,2,6,Medium,Tablet,PayPal,2024-08-12,True,False,Wants-based,No Preference,10,Unknown,26-35
25-285-7453,32,Male,High,Single,Bachelor's,Middle,Cluses,Arts & Crafts,78.9,3,In-Store,4,1,1.0,Low,Not Sensitive,0,1,Medium,Tablet,Debit Card,2024-09-07,False,True,Planned,Standard,10,FR,26-35
47-225-8686,29,Male,High,Widowed,High School,High,Wrząsowice,Health Care,122.55,9,Mixed,2,4,0.3,Low,Not Sensitive,2,3,Medium,Desktop,Credit Card,2024-06-28,False,False,Impulsive,Express,4,Unknown,26-35
33-519-4214,25,Other,High,Divorced,Bachelor's,Middle,Hengfeng,Mobile Accessories,307.61,6,Mixed,1,1,0.0,Low,Somewhat Sensitive,0,9,Medium,Smartphone,PayPal,2024-09-12,True,True,Need-based,No Preference,10,Unknown,18-25
30-735-8744,24,Female,Middle,Divorced,Bachelor's,High,Nawu,Mobile Accessories,465.07,8,Online,2,4,0.0,Medium,Not Sensitive,1,2,High,Desktop,Cash,2024-03-02,False,False,Wants-based,No Preference,8,Unknown,18-25
66-557-1474,25,Male,Middle,Single,Master's,Middle,Līkak,Furniture,82.13,9,Online,5,1,0.0,Medium,Somewhat Sensitive,2,6,High,Tablet,Debit Card,2024-04-09,True,True,Need-based,Express,6,Unknown,18-25
03-422-8710,49,Male,Middle,Divorced,Bachelor's,High,Yuanguping,Sports & Outdoors,425.18,4,Mixed,2,1,0.0,Medium,Very Sensitive,1,8,Medium,Tablet,PayPal,2024-03-19,True,False,Wants-based,Standard,10,Unknown,46-55
39-731-8532,39,Male,High,Married,Master's,Middle,Colón,Arts & Crafts,176.12,8,Online,2,3,1.2,Medium,Somewhat Sensitive,1,10,Low,Desktop,Credit Card,2024-06-15,True,True,Impulsive,Standard,14,VE,36-45
98-585-4742,38,Female,High,Widowed,High School,High,Ágios Andréas,Home Appliances,113.51,11,Mixed,4,1,1.0,High,Not Sensitive,2,2,Low,Desktop,Credit Card,2024-02-14,True,True,Planned,Express,8,Unknown,36-45
51-302-9537,40,Female,High,Single,Bachelor's,Middle,Cibeusi,Animal Feed,492.74,2,Mixed,1,5,2.0,Low,Very Sensitive,1,3,High,Tablet,Other,2024-02-29,True,False,Need-based,Express,13,Unknown,36-45
61-286-0069,18,Other,Middle,Widowed,Bachelor's,Middle,Kosh-Agach,Arts & Crafts,158.54,5,Online,2,1,1.0,Low,Not Sensitive,2,7,High,Smartphone,Debit Card,2024-03-31,False,False,Planned,Express,5,Unknown,18-25
35-907-0586,39,Female,High,Married,Bachelor's,High,Kuafeu,Furniture,213.39,6,Online,3,4,2.0,Medium,Not Sensitive,2,5,Medium,Desktop,Cash,2024-10-27,False,True,Planned,Standard,4,Unknown,36-45
30-522-1574,31,Male,Middle,Divorced,Bachelor's,High,Xincheng,Health Supplements,127.18,2,In-Store,5,5,1.0,Medium,Somewhat Sensitive,0,2,Medium,Desktop,Debit Card,2024-12-21,False,False,Planned,Standard,4,CN,26-35
96-915-4091,36,Female,High,Widowed,Bachelor's,Middle,Ḩawallī,Electronics,398.97,3,Online,2,3,1.0,High,Not Sensitive,2,3,High,Tablet,Debit Card,2024-09-26,False,False,Impulsive,No Preference,9,KW,36-45
67-073-5578,27,Female,Middle,Divorced,High School,Middle,São Mateus do Maranhão,Groceries,53.45,6,Mixed,2,3,1.0,High,Somewhat Sensitive,1,9,High,Tablet,Debit Card,2024-07-14,False,False,Need-based,Standard,11,BR,26-35
54-439-4748,35,Other,High,Widowed,Bachelor's,High,Borova,Health Care,375.45,6,Online,3,4,0.0,High,Not Sensitive,1,8,Medium,Smartphone,Other,2024-04-14,False,True,Impulsive,Express,1,Unknown,26-35
20-648-1010,34,Male,High,Married,High School,Middle,Zilang,Home Appliances,109.88,7,Online,4,4,1.0,Low,Very Sensitive,1,3,Medium,Smartphone,Credit Card,2024-01-05,False,True,Impulsive,Standard,11,Unknown,26-35
79-939-5393,21,Female,High,Married,High School,High,Camalote,Office Supplies,182.54,11,Mixed,5,5,1.0,Medium,Somewhat Sensitive,1,1,High,Tablet,Cash,2024-08-21,False,False,Need-based,Standard,13,Unknown,18-25
89-249-8369,23,Female,High,Widowed,Bachelor's,High,Julayjilah,Furniture,465.48,3,Mixed,3,3,2.0,Medium,Very Sensitive,1,8,Medium,Tablet,Cash,2024-06-21,False,False,Wants-based,No Preference,1,Unknown,18-25
85-366-1482,31,Female,Middle,Married,High School,Middle,Badajoz,Health Care,224.52,8,Mixed,3,3,2.0,Low,Not Sensitive,1,5,High,Desktop,Credit Card,2024-11-29,True,False,Impulsive,Express,1,ES,26-35
34-874-7357,21,Male,High,Widowed,Master's,Middle,Fort Wayne,Beauty & Personal Care,281.37,12,Online,2,3,2.0,Low,Very Sensitive,0,2,Low,Smartphone,Debit Card,2024-01-02,False,True,Impulsive,Express,14,US,18-25
90-363-8040,27,Male,High,Divorced,Bachelor's,Middle,"Hospitalet De Llobregat, L'",Health Care,483.23,7,Online,2,4,2.0,Medium,Somewhat Sensitive,0,5,High,Smartphone,PayPal,2024-12-19,True,False,Impulsive,Express,9,Unknown,26-35
98-376-8787,36,Male,High,Married,Master's,Middle,Pho Duc,Electronics,85.52,7,Mixed,1,5,0.0,Medium,Somewhat Sensitive,1,3,Low,Smartphone,Other,2024-10-31,False,True,Planned,No Preference,7,Unknown,36-45
04-829-7037,48,Other,High,Married,High School,High,Yaguaraparo,Arts & Crafts,70.42,11,Online,4,5,1.0,High,Not Sensitive,2,7,Low,Desktop,Other,2024-10-01,False,True,Need-based,Express,14,Unknown,46-55
93-455-0576,23,Female,Middle,Widowed,Master's,Middle,Novoorsk,Toys & Games,437.4,6,Mixed,1,4,1.0,High,Somewhat Sensitive,2,5,Low,Tablet,Credit Card,2024-06-16,False,False,Planned,Express,1,Unknown,18-25
84-637-9188,35,Male,Middle,Divorced,Bachelor's,Middle,Wuyang,Jewelry & Accessories,207.11,4,Mixed,1,4,2.0,High,Not Sensitive,0,1,Low,Tablet,Other,2024-03-28,True,False,Need-based,No Preference,2,CN,26-35
77-401-8183,30,Female,High,Divorced,High School,High,Phúc Thọ,Baby Products,349.0,10,Mixed,3,5,1.0,Low,Not Sensitive,1,5,Low,Desktop,PayPal,2024-01-15,False,True,Planned,No Preference,10,Unknown,26-35
01-484-8220,38,Male,Middle,Married,Bachelor's,Middle,Vsevolozhsk,Hotels,330.27,3,In-Store,3,2,1.0,High,Not Sensitive,1,9,High,Smartphone,Other,2024-02-10,True,False,Impulsive,No Preference,9,RU,36-45
11-121-0709,42,Male,Middle,Married,Master's,Middle,Kara Suu,Health Supplements,410.29,10,Online,2,4,1.0,Low,Not Sensitive,2,4,High,Smartphone,Credit Card,2024-09-02,True,False,Planned,Express,1,KG,36-45
36-649-0081,24,Female,High,Divorced,Master's,Middle,Beigucheng,Hotels,400.86,7,Online,3,3,1.0,High,Very Sensitive,1,7,Low,Smartphone,Credit Card,2024-09-12,True,False,Planned,No Preference,5,Unknown,18-25
75-526-2611,36,Female,High,Widowed,Master's,High,Yamaga,Beauty & Personal Care,273.48,12,Online,5,3,2.0,Low,Very Sensitive,0,5,Medium,Smartphone,Other,2024-01-22,True,False,Wants-based,Express,5,JP,36-45
72-339-1854,19,Other,High,Single,Master's,Middle,Sacramento,Furniture,363.84,11,Online,3,2,1.0,Low,Not Sensitive,0,3,Medium,Desktop,Cash,2024-08-30,True,False,Impulsive,Express,5,US,18-25
24-591-4327,35,Male,High,Divorced,High School,High,Nowe Brzesko,Animal Feed,317.09,6,Online,1,1,1.0,High,Not Sensitive,2,2,High,Desktop,Other,2024-04-11,True,False,Impulsive,Standard,4,Unknown,26-35
51-431-7150,41,Female,Middle,Widowed,Bachelor's,Middle,Shiqiao,Furniture,84.15,10,In-Store,1,3,1.0,High,Not Sensitive,2,1,High,Desktop,PayPal,2024-11-03,True,True,Impulsive,Standard,1,CN,36-45
29-438-8126,36,Female,Middle,Single,High School,High,Pasirmadang,Packages),462.48,11,Online,1,3,0.0,Medium,Very Sensitive,2,2,Low,Smartphone,Debit Card,2024-03-31,False,False,Planned,Express,12,Unknown,36-45
68-201-1633,33,Male,Middle,Married,Bachelor's,High,Maño,Software & Apps,449.18,3,Mixed,5,3,2.0,Medium,Somewhat Sensitive,0,8,High,Tablet,Credit Card,2024-03-21,True,True,Wants-based,Standard,10,Unknown,26-35
83-714-9649,28,Female,Middle,Widowed,Bachelor's,Middle,Harstad,Home Appliances,226.53,3,Online,3,1,1.0,High,Not Sensitive,1,10,Medium,Desktop,PayPal,2024-08-02,True,False,Wants-based,No Preference,13,NO,26-35
33-203-4230,23,Male,High,Divorced,Master's,Middle,Perbaungan,Software & Apps,218.32,2,Mixed,5,3,0.0,High,Not Sensitive,2,7,Low,Desktop,PayPal,2024-09-24,False,False,Need-based,Express,3,ID,18-25
90-918-2833,48,Female,High,Widowed,High School,High,Soroti,Furniture,132.67,7,In-Store,2,5,1.0,Low,Very Sensitive,2,3,Low,Smartphone,Other,2024-12-18,True,False,Impulsive,Express,1,UG,46-55
53-409-1176,26,Male,High,Single,Master's,High,Caruaru,Arts & Crafts,416.96,7,In-Store,5,1,1.0,High,Not Sensitive,0,1,High,Tablet,Other,2024-05-25,False,False,Planned,Express,7,BR,26-35
52-491-3386,39,Female,High,Married,Master's,Middle,Kamiennik,Arts & Crafts,459.51,7,In-Store,1,2,2.0,High,Not Sensitive,0,5,Medium,Tablet,Debit Card,2024-01-05,True,False,Need-based,No Preference,11,Unknown,36-45
41-816-7753,22,Male,Middle,Divorced,High School,High,Götene,Toys & Games,150.11,7,Mixed,4,4,1.5,Low,Very Sensitive,0,3,High,Smartphone,Credit Card,2024-07-23,True,False,Wants-based,Standard,8,Unknown,18-25
68-296-5978,36,Male,High,Married,High School,Middle,Kadumelati,Hotels,218.87,5,Mixed,4,3,0.0,Medium,Very Sensitive,0,4,Medium,Smartphone,Cash,2024-09-18,True,False,Planned,No Preference,11,Unknown,36-45
03-874-9055,29,Female,Middle,Married,Bachelor's,High,Amparo,Mobile Accessories,437.06,7,In-Store,3,5,2.0,Low,Very Sensitive,0,6,Low,Smartphone,Cash,2024-03-09,False,False,Impulsive,Express,11,BR,26-35
34-788-8387,38,Female,Middle,Single,High School,Middle,Qingqu,Groceries,485.76,10,In-Store,3,4,0.0,Medium,Somewhat Sensitive,0,4,High,Desktop,Debit Card,2024-06-03,True,True,Wants-based,No Preference,4,Unknown,36-45
53-865-9342,27,Female,High,Single,Bachelor's,High,Poste de Flacq,Books,242.57,7,In-Store,1,1,1.0,Low,Not Sensitive,0,10,Low,Smartphone,PayPal,2024-10-05,True,False,Wants-based,No Preference,1,Unknown,26-35
79-052-8470,35,Male,Middle,Widowed,High School,High,Ţawr al Bāḩah,Arts & Crafts,303.13,2,Online,1,1,1.0,High,Not Sensitive,0,7,Medium,Desktop,Debit Card,2024-01-04,False,True,Need-based,Standard,10,Unknown,26-35
86-359-7320,43,Female,Middle,Widowed,Master's,Middle,Phu Loc,Toys & Games,136.1,5,In-Store,3,5,2.0,Low,Very Sensitive,0,2,High,Tablet,Debit Card,2024-02-27,False,True,Planned,Express,14,Unknown,36-45
27-111-2242,40,Other,High,Single,Bachelor's,Middle,Jembangan,Electronics,249.02,11,Mixed,3,2,0.3,Medium,Not Sensitive,1,1,Medium,Smartphone,PayPal,2024-10-01,True,True,Planned,Express,14,Unknown,36-45
84-538-0238,19,Male,Middle,Divorced,High School,Middle,Harhorin,Office Supplies,466.74,7,In-Store,3,4,0.2,Medium,Not Sensitive,2,3,High,Tablet,Debit Card,2024-12-11,True,True,Need-based,Express,5,Unknown,18-25
96-496-9833,30,Female,High,Single,High School,High,Lañgub,Packages),450.52,8,Online,2,2,0.2,High,Somewhat Sensitive,0,6,Low,Desktop,PayPal,2024-01-13,True,True,Need-based,No Preference,8,Unknown,26-35
27-672-6081,35,Male,High,Divorced,Bachelor's,Middle,Bangbayang,Groceries,246.44,4,Mixed,3,1,1.0,Medium,Somewhat Sensitive,0,3,Medium,Smartphone,Debit Card,2024-09-17,False,True,Wants-based,No Preference,5,Unknown,26-35
99-643-9845,28,Female,Middle,Married,High School,High,Banturkrajan,Groceries,137.75,6,Online,3,3,2.0,High,Very Sensitive,0,1,Medium,Smartphone,Cash,2024-09-09,False,True,Need-based,No Preference,4,Unknown,26-35
27-571-9402,44,Female,Middle,Married,Master's,Middle,São Torcato,Home Appliances,78.64,5,Mixed,3,4,2.0,High,Somewhat Sensitive,0,3,High,Tablet,PayPal,2024-05-26,True,False,Planned,Standard,12,Unknown,36-45
41-602-4042,47,Female,High,Single,High School,Middle,Oslo,Beauty & Personal Care,363.91,10,Online,1,1,0.3,Medium,Very Sensitive,0,2,Low,Smartphone,Cash,2024-01-07,True,True,Planned,Standard,9,NO,46-55
63-743-6962,39,Male,Middle,Single,High School,Middle,Tanushimarumachi-toyoki,Travel & Leisure (Flights,304.79,12,In-Store,2,4,2.0,Low,Somewhat Sensitive,1,9,High,Desktop,Other,2024-01-07,True,True,Wants-based,Standard,10,JP,36-45
23-246-5927,47,Male,Middle,Widowed,Bachelor's,High,Rawa Mazowiecka,Books,249.6,7,Mixed,4,1,1.0,Low,Somewhat Sensitive,2,7,High,Smartphone,Debit Card,2024-05-11,True,False,Wants-based,Standard,11,PL,46-55
74-022-7557,19,Male,High,Married,Bachelor's,Middle,Wŏnsan,Electronics,345.04,12,In-Store,1,5,1.0,Low,Somewhat Sensitive,0,8,Medium,Tablet,Credit Card,2024-10-16,True,True,Planned,Express,13,KP,18-25
25-286-8786,27,Male,High,Single,Master's,High,Berlin,Home Appliances,461.81,12,Mixed,4,3,0.0,Medium,Very Sensitive,0,8,Low,Desktop,Other,2024-06-07,True,False,Wants-based,No Preference,8,DE,26-35
55-955-9889,31,Female,High,Divorced,Bachelor's,High,Wailang,Health Care,280.88,4,Mixed,3,4,1.0,High,Not Sensitive,0,2,High,Smartphone,Credit Card,2024-05-05,True,True,Planned,No Preference,2,Unknown,26-35
34-237-3943,44,Male,Middle,Married,Master's,Middle,Fangshan,Luxury Goods,283.7,8,Mixed,2,5,1.0,Medium,Not Sensitive,1,3,Low,Smartphone,Cash,2024-02-29,False,False,Impulsive,Express,8,CN,36-45
83-752-5439,28,Female,Middle,Married,Master's,High,Mulhouse,Gardening & Outdoors,399.24,7,In-Store,4,2,1.0,Medium,Very Sensitive,1,2,Medium,Smartphone,Debit Card,2024-06-21,False,False,Need-based,Standard,10,FR,26-35
25-485-2023,26,Male,Middle,Divorced,Master's,Middle,Tangkilsari,Jewelry & Accessories,90.79,12,In-Store,4,1,2.0,Medium,Somewhat Sensitive,0,2,Medium,Tablet,Other,2024-09-16,False,False,Planned,No Preference,6,Unknown,26-35
99-771-9310,37,Female,High,Widowed,Master's,Middle,Vitoria-Gasteiz,Food & Beverages,399.95,10,In-Store,2,1,0.0,Low,Not Sensitive,1,2,High,Smartphone,Cash,2024-03-07,True,False,Need-based,Express,10,Unknown,36-45
57-000-8646,41,Female,High,Widowed,Master's,Middle,Purwa,Jewelry & Accessories,204.83,6,In-Store,5,1,0.0,High,Very Sensitive,1,5,Medium,Smartphone,Debit Card,2024-04-22,True,False,Wants-based,Standard,5,Unknown,36-45
53-070-2625,46,Male,High,Married,Master's,Middle,Embu Guaçu,Mobile Accessories,460.37,10,Online,5,4,2.0,Low,Very Sensitive,2,7,High,Desktop,Credit Card,2024-07-13,True,True,Wants-based,Express,12,Unknown,46-55
64-120-6212,31,Male,Middle,Single,Bachelor's,Middle,Fubin,Books,389.47,4,In-Store,5,3,2.0,Low,Not Sensitive,1,9,High,Desktop,Credit Card,2024-02-11,True,True,Wants-based,Standard,6,Unknown,26-35
01-404-3425,38,Male,High,Single,Master's,High,Talshand,Home Appliances,370.05,11,Mixed,5,3,0.0,Medium,Very Sensitive,1,10,High,Smartphone,Cash,2024-10-30,True,True,Impulsive,No Preference,10,Unknown,36-45
22-053-4627,30,Female,High,Married,High School,High,Kamárai,Food & Beverages,472.53,11,Online,4,1,1.0,Medium,Somewhat Sensitive,2,7,Medium,Smartphone,Debit Card,2024-04-30,False,False,Wants-based,Express,4,Unknown,26-35
09-258-0424,45,Female,Middle,Married,High School,Middle,Ettelbruck,Home Appliances,407.29,3,In-Store,5,5,0.0,Low,Not Sensitive,0,5,Low,Tablet,Other,2024-11-25,False,False,Planned,Express,3,Unknown,36-45
05-506-7216,36,Male,High,Single,Bachelor's,Middle,Don Carlos,Animal Feed,352.35,4,Online,2,2,0.0,Low,Very Sensitive,1,1,Low,Smartphone,Credit Card,2024-06-20,False,False,Planned,Express,14,PH,36-45
47-356-9730,25,Female,High,Single,High School,High,Seleuš,Books,441.73,12,Online,1,4,2.0,Low,Somewhat Sensitive,0,8,Medium,Smartphone,Credit Card,2024-02-04,True,False,Planned,Standard,8,Unknown,18-25
42-898-6421,21,Female,High,Divorced,High School,Middle,Cervantes,Luxury Goods,105.95,12,Mixed,1,4,2.0,Low,Very Sensitive,1,7,Medium,Desktop,Cash,2024-08-04,False,False,Impulsive,Standard,11,Unknown,18-25
67-438-2378,29,Female,Middle,Divorced,High School,High,Honolulu,Jewelry & Accessories,217.62,3,Online,5,2,1.0,High,Very Sensitive,2,3,Low,Smartphone,PayPal,2024-02-14,False,True,Impulsive,No Preference,5,US,26-35
84-162-8799,43,Male,Middle,Widowed,High School,High,Khilok,Jewelry & Accessories,385.08,7,In-Store,2,4,1.0,High,Somewhat Sensitive,1,1,Low,Tablet,Debit Card,2024-11-12,False,True,Impulsive,No Preference,1,Unknown,36-45
51-546-9992,33,Male,High,Widowed,Master's,Middle,Cimara,Hotels,181.1,2,Online,2,5,2.0,Low,Not Sensitive,2,7,Low,Tablet,Credit Card,2024-12-26,False,False,Impulsive,No Preference,5,Unknown,26-35
45-776-7217,37,Female,Middle,Divorced,Bachelor's,High,Binagadi,Baby Products,140.87,8,In-Store,3,3,2.0,Low,Not Sensitive,2,7,Medium,Tablet,Other,2024-03-03,True,False,Impulsive,No Preference,9,Unknown,36-45
71-354-5174,34,Female,High,Single,Master's,High,Tsuen Wan,Software & Apps,151.25,2,In-Store,2,5,0.0,Medium,Somewhat Sensitive,1,8,Medium,Tablet,Debit Card,2024-04-20,True,False,Planned,No Preference,10,HK,26-35
05-975-6985,27,Male,High,Divorced,Master's,Middle,Banjar Batanpoh,Hotels,171.52,3,Mixed,5,5,2.0,Medium,Very Sensitive,1,9,Medium,Smartphone,Cash,2024-08-21,True,True,Planned,Standard,12,Unknown,26-35
42-859-2475,40,Male,Middle,Widowed,Master's,High,Yenakiyeve,Sports & Outdoors,399.56,10,Online,4,2,1.0,Low,Not Sensitive,0,4,Medium,Desktop,Cash,2024-10-21,True,True,Need-based,No Preference,1,Unknown,36-45
21-048-8669,37,Other,Middle,Single,Bachelor's,Middle,Pantenan,Food & Beverages,247.05,8,In-Store,3,2,1.0,Low,Somewhat Sensitive,1,8,High,Desktop,Cash,2024-05-25,False,False,Wants-based,Standard,2,Unknown,36-45
68-512-0568,40,Female,High,Married,Master's,Middle,Wolfsberg,Books,474.03,7,In-Store,3,1,1.0,Medium,Somewhat Sensitive,0,6,High,Desktop,Other,2024-08-03,True,True,Need-based,Standard,13,Unknown,36-45
18-633-9387,27,Male,Middle,Married,Bachelor's,High,San Bautista,Animal Feed,106.96,6,In-Store,3,1,2.0,Low,Not Sensitive,0,7,Medium,Tablet,Debit Card,2024-03-09,True,True,Impulsive,Standard,3,Unknown,26-35
97-738-8095,45,Other,High,Single,Bachelor's,High,Lonpao Dajah,Health Supplements,461.16,8,Mixed,1,4,1.0,High,Not Sensitive,0,3,Medium,Smartphone,Other,2024-02-29,True,True,Planned,Express,14,Unknown,36-45
92-142-4328,45,Female,Middle,Married,Master's,Middle,San Carlos,Health Care,492.83,5,Online,2,1,0.0,High,Very Sensitive,0,4,High,Tablet,Debit Card,2024-03-02,True,False,Need-based,No Preference,2,VE,36-45
59-261-4453,40,Male,High,Widowed,High School,High,Oguma,Furniture,494.81,9,Mixed,2,4,1.0,Medium,Very Sensitive,1,7,Medium,Tablet,PayPal,2024-05-26,True,True,Need-based,Standard,6,Unknown,36-45
27-100-0661,29,Male,High,Divorced,Master's,High,Las Lomas,Animal Feed,206.79,5,In-Store,1,3,2.0,High,Very Sensitive,1,2,Low,Tablet,Credit Card,2024-08-21,False,False,Planned,Standard,4,Unknown,26-35
63-304-1852,21,Male,High,Widowed,Master's,High,Iñapari,Sports & Outdoors,188.17,9,Online,5,5,0.0,Medium,Not Sensitive,1,5,Low,Desktop,Debit Card,2024-05-26,True,False,Need-based,Standard,9,Unknown,18-25
53-843-5619,38,Female,High,Single,High School,High,Orsay,Gardening & Outdoors,83.21,10,Online,4,3,2.0,Low,Somewhat Sensitive,0,4,High,Desktop,Other,2024-03-20,False,False,Impulsive,Standard,7,FR,36-45
45-631-4619,49,Female,High,Divorced,Master's,High,Bayḩān,Office Supplies,371.12,8,Online,5,1,2.0,High,Somewhat Sensitive,1,7,Low,Smartphone,PayPal,2024-08-23,False,True,Wants-based,No Preference,8,Unknown,46-55
20-421-2544,24,Male,High,Married,High School,High,Kyŏngsŏng,Books,185.83,11,In-Store,4,2,2.0,Low,Not Sensitive,2,9,Medium,Desktop,Other,2024-10-17,False,True,Impulsive,Standard,1,KP,18-25
37-100-8709,27,Male,High,Divorced,Master's,Middle,Turinsk,Office Supplies,117.13,7,Mixed,1,1,2.0,High,Somewhat Sensitive,1,10,High,Smartphone,Credit Card,2024-08-08,True,True,Planned,Express,6,RU,26-35
78-361-5100,44,Female,Middle,Married,Master's,High,As Sawdā,Office Supplies,52.24,11,In-Store,3,1,0.0,Low,Not Sensitive,2,4,High,Smartphone,Credit Card,2024-12-12,True,True,Impulsive,Standard,8,Unknown,36-45
67-676-5945,28,Female,High,Married,Bachelor's,High,Legaspi,Baby Products,446.69,7,In-Store,4,5,2.0,Medium,Somewhat Sensitive,1,5,High,Smartphone,Cash,2024-06-12,False,True,Planned,No Preference,13,PH,26-35
67-639-5838,23,Male,Middle,Married,High School,Middle,Shimorskoye,Packages),216.84,5,In-Store,4,3,1.0,Low,Somewhat Sensitive,1,1,Low,Tablet,PayPal,2024-03-28,False,False,Planned,Express,5,Unknown,18-25
77-031-4898,21,Male,Middle,Widowed,Bachelor's,High,Tancheng,Software & Apps,320.5,10,In-Store,3,4,2.0,Low,Somewhat Sensitive,0,9,Low,Tablet,Cash,2024-03-01,True,False,Need-based,Express,9,Unknown,18-25
96-140-1936,30,Male,Middle,Married,Bachelor's,Middle,Baihe,Luxury Goods,477.35,4,Online,2,5,0.0,High,Very Sensitive,1,2,Low,Desktop,PayPal,2024-12-28,False,False,Need-based,No Preference,14,CN,26-35
38-830-6976,31,Male,High,Widowed,Master's,Middle,Puqi,Baby Products,86.63,10,Mixed,3,1,2.0,Medium,Somewhat Sensitive,2,2,Low,Tablet,Cash,2024-09-02,True,False,Wants-based,Express,3,CN,26-35
79-711-6779,34,Female,High,Widowed,High School,High,Hoolt,Gardening & Outdoors,429.24,7,Mixed,3,5,1.0,High,Not Sensitive,0,1,Low,Tablet,Debit Card,2024-03-27,False,False,Need-based,No Preference,10,Unknown,26-35
22-860-9860,24,Female,High,Married,High School,High,Pasinan Barat,Home Appliances,470.38,8,Mixed,2,4,0.0,Medium,Not Sensitive,2,3,High,Smartphone,Other,2024-11-11,True,True,Impulsive,Standard,9,Unknown,18-25
20-939-3906,40,Female,High,Married,High School,Middle,Nanchangshan,Electronics,130.84,4,Online,5,5,2.0,Medium,Very Sensitive,2,10,Low,Tablet,PayPal,2024-09-13,True,True,Need-based,Standard,13,Unknown,36-45
86-390-9555,48,Male,Middle,Single,Master's,High,Pegões,Groceries,436.54,12,Online,3,3,0.0,Medium,Very Sensitive,1,8,Low,Smartphone,Debit Card,2024-05-30,True,False,Wants-based,No Preference,9,Unknown,46-55
62-974-7965,30,Female,High,Divorced,Bachelor's,High,Újezd,Travel & Leisure (Flights,58.27,2,In-Store,5,4,1.0,Medium,Somewhat Sensitive,1,4,Medium,Smartphone,Cash,2024-10-15,False,True,Need-based,No Preference,13,Unknown,26-35
99-945-7193,24,Female,Middle,Single,Master's,High,Lemery,Hotels,254.29,9,Mixed,5,4,0.0,Medium,Somewhat Sensitive,1,7,Low,Smartphone,Cash,2024-04-30,False,False,Impulsive,Express,3,Unknown,18-25
91-053-3261,49,Male,Middle,Divorced,Bachelor's,High,Youcheng,Sports & Outdoors,435.52,9,Online,5,3,2.0,High,Not Sensitive,1,2,Medium,Desktop,Debit Card,2024-11-12,True,False,Impulsive,No Preference,11,Unknown,46-55
89-754-7244,45,Male,High,Widowed,Master's,Middle,El Caño,Mobile Accessories,161.34,3,Mixed,2,3,2.0,High,Very Sensitive,1,8,Medium,Tablet,Credit Card,2024-09-28,True,False,Impulsive,No Preference,4,Unknown,36-45
56-072-7011,19,Male,High,Single,Master's,High,Heemstede,Mobile Accessories,167.67,11,In-Store,5,2,1.0,High,Very Sensitive,0,6,Medium,Smartphone,Credit Card,2024-03-18,False,True,Need-based,Express,5,NL,18-25
03-102-0288,21,Male,Middle,Married,Master's,Middle,San Isidro,Furniture,156.48,7,In-Store,5,1,0.0,Low,Not Sensitive,2,5,Medium,Desktop,Other,2024-03-13,False,True,Wants-based,No Preference,4,PE,18-25
24-272-6205,39,Other,High,Divorced,Master's,High,Cigadog,Packages),161.85,9,In-Store,5,3,0.0,High,Very Sensitive,0,4,Medium,Smartphone,Other,2024-04-25,True,False,Need-based,No Preference,10,Unknown,36-45
73-259-8940,34,Female,Middle,Widowed,Bachelor's,Middle,Masoyila,Hotels,315.03,4,Online,1,5,0.0,High,Very Sensitive,1,6,Low,Tablet,PayPal,2024-11-10,True,False,Planned,Express,2,Unknown,26-35
77-796-5786,42,Male,Middle,Single,Master's,High,Beiyuan,Furniture,330.36,12,In-Store,5,5,1.0,Low,Very Sensitive,1,4,Low,Tablet,Other,2024-06-29,True,True,Need-based,No Preference,3,Unknown,36-45
62-797-9254,35,Female,High,Widowed,High School,High,At-Bashi,Home Appliances,289.28,9,Online,3,5,1.0,High,Somewhat Sensitive,2,7,Medium,Tablet,PayPal,2024-06-29,False,True,Wants-based,Express,13,Unknown,26-35
01-799-2615,45,Male,Middle,Married,High School,Middle,Limoges,Furniture,64.5,7,In-Store,3,4,1.0,High,Somewhat Sensitive,1,7,High,Desktop,Credit Card,2024-07-28,True,False,Wants-based,No Preference,13,FR,36-45
82-133-0444,43,Male,High,Married,Bachelor's,Middle,Hägersten,Groceries,436.57,4,Mixed,5,3,1.0,High,Not Sensitive,2,10,Low,Desktop,Debit Card,2024-02-02,False,False,Wants-based,Standard,3,Unknown,36-45
49-037-2300,31,Female,Middle,Single,High School,Middle,Eslāmābād,Clothing,278.21,3,Mixed,5,1,2.0,Low,Somewhat Sensitive,0,7,Low,Tablet,Other,2024-10-22,True,False,Need-based,No Preference,14,Unknown,26-35
95-876-9757,31,Female,High,Married,Master's,High,Emar,Health Supplements,344.43,7,Online,3,5,0.0,Medium,Not Sensitive,2,4,Medium,Desktop,Credit Card,2024-07-12,True,False,Impulsive,Standard,5,Unknown,26-35
47-947-4888,26,Male,High,Single,Master's,High,Baisha,Baby Products,326.08,11,In-Store,4,3,2.0,Medium,Not Sensitive,2,6,Medium,Tablet,PayPal,2024-06-30,True,True,Impulsive,Express,8,CN,26-35
83-003-2165,49,Male,High,Married,Bachelor's,Middle,Magdalena,Gardening & Outdoors,437.97,8,Online,4,2,0.0,High,Not Sensitive,0,7,Medium,Tablet,Debit Card,2024-04-02,True,True,Need-based,Express,12,MX,46-55
27-619-9264,23,Male,High,Single,Master's,High,Göteborg,Packages),391.87,3,Online,1,4,2.0,High,Very Sensitive,0,2,Medium,Desktop,Cash,2024-02-16,True,False,Planned,Standard,6,SE,18-25
64-803-7087,32,Male,Middle,Single,Bachelor's,High,São João dos Inhamuns,Groceries,251.54,9,Online,5,1,0.0,High,Not Sensitive,2,10,Low,Desktop,PayPal,2024-10-09,True,False,Impulsive,No Preference,1,BR,26-35
01-925-4021,37,Female,Middle,Single,High School,Middle,Tambaksari,Electronics,292.08,7,In-Store,3,2,1.0,High,Somewhat Sensitive,2,9,Low,Smartphone,Credit Card,2024-04-09,False,False,Need-based,Standard,11,Unknown,36-45
96-484-1000,26,Male,Middle,Married,Bachelor's,High,Xiangshan,Gardening & Outdoors,258.02,2,In-Store,3,2,1.0,Low,Very Sensitive,2,4,High,Desktop,PayPal,2024-11-08,True,True,Need-based,Express,13,Unknown,26-35
07-834-3350,29,Female,High,Single,Master's,Middle,San Luis,Gardening & Outdoors,181.87,12,Mixed,4,1,1.0,Medium,Not Sensitive,2,4,High,Desktop,Debit Card,2024-09-01,False,True,Wants-based,No Preference,11,US,26-35
11-802-5604,26,Male,High,Divorced,High School,Middle,Zengfu,Groceries,81.18,8,Online,4,5,1.0,Low,Not Sensitive,2,3,High,Tablet,Cash,2024-05-17,False,False,Impulsive,Express,3,CN,26-35
86-257-9581,30,Male,High,Single,Bachelor's,Middle,Wādī as Salqā,Gardening & Outdoors,497.76,2,In-Store,1,2,2.0,High,Very Sensitive,2,3,Medium,Smartphone,Credit Card,2024-03-08,True,True,Wants-based,No Preference,4,Unknown,26-35
22-981-6595,26,Female,High,Single,High School,High,Wasagu,Furniture,227.58,5,Online,4,2,1.0,High,Not Sensitive,0,1,Low,Tablet,Credit Card,2024-07-13,True,False,Need-based,No Preference,11,Unknown,26-35
31-927-7787,40,Male,High,Married,High School,High,Esmeralda,Baby Products,422.09,3,In-Store,4,1,1.0,High,Not Sensitive,0,9,Medium,Tablet,PayPal,2024-03-31,True,False,Need-based,Standard,7,CU,36-45
46-098-9737,35,Male,Middle,Married,Master's,High,Chivilcoy,Gardening & Outdoors,411.83,2,In-Store,2,3,2.0,High,Not Sensitive,1,3,Medium,Tablet,PayPal,2024-04-28,True,True,Impulsive,Standard,10,AR,26-35
02-676-9312,44,Female,High,Single,Bachelor's,High,Araci,Mobile Accessories,191.21,7,Mixed,5,4,1.0,Low,Very Sensitive,2,6,Low,Smartphone,Debit Card,2024-04-04,False,False,Need-based,No Preference,13,BR,36-45
28-969-7540,44,Female,High,Married,Master's,Middle,Kuçovë,Electronics,136.67,3,Online,3,1,1.0,Low,Somewhat Sensitive,0,2,High,Desktop,PayPal,2024-06-20,False,True,Impulsive,Standard,1,AL,36-45
14-364-4904,43,Male,High,Widowed,Master's,High,Guéret,Electronics,295.6,10,Online,1,2,1.0,High,Somewhat Sensitive,0,9,Low,Desktop,Credit Card,2024-05-20,True,True,Need-based,Standard,5,FR,36-45
08-652-2085,48,Male,Middle,Single,Master's,High,Postřekov,Animal Feed,227.03,9,In-Store,4,4,2.0,Low,Not Sensitive,2,7,High,Tablet,Other,2024-04-09,True,True,Need-based,No Preference,4,Unknown,46-55
09-737-8354,37,Female,Middle,Widowed,High School,High,Tandahimba,Animal Feed,173.43,4,In-Store,3,3,0.0,Medium,Not Sensitive,2,1,Low,Desktop,PayPal,2024-05-27,True,True,Need-based,No Preference,14,TZ,36-45
12-417-5609,29,Female,Middle,Widowed,High School,Middle,Iwade,Baby Products,462.96,2,Online,4,2,0.0,High,Very Sensitive,2,6,High,Tablet,Cash,2024-07-01,True,False,Planned,No Preference,3,JP,26-35
33-609-0598,29,Female,High,Single,Master's,Middle,Xinzha,Luxury Goods,336.89,4,Online,2,1,2.0,Medium,Very Sensitive,1,7,High,Smartphone,Credit Card,2024-06-17,False,False,Planned,Express,9,Unknown,26-35
45-337-1798,26,Male,Middle,Married,Bachelor's,Middle,Al Qārah,Baby Products,337.17,8,In-Store,5,5,0.0,Low,Not Sensitive,1,6,Medium,Tablet,Credit Card,2024-07-26,False,True,Wants-based,No Preference,3,Unknown,26-35
67-323-7406,35,Female,High,Married,High School,High,Yuyangguan,Electronics,197.7,7,Mixed,3,5,2.0,High,Somewhat Sensitive,1,6,Medium,Desktop,Cash,2024-09-27,False,False,Need-based,Standard,9,Unknown,26-35
40-149-8247,23,Male,Middle,Married,Bachelor's,Middle,Qiman,Home Appliances,336.96,2,In-Store,5,2,2.0,High,Not Sensitive,0,7,Low,Tablet,PayPal,2024-09-05,True,True,Impulsive,No Preference,7,Unknown,18-25
17-763-9416,32,Female,High,Single,High School,Middle,Tsibulev,Software & Apps,455.55,8,Mixed,4,4,1.0,High,Somewhat Sensitive,0,6,High,Desktop,PayPal,2024-10-29,False,False,Planned,No Preference,10,Unknown,26-35
40-199-1803,42,Male,High,Single,High School,Middle,Ku‘aydinah,Health Supplements,361.4,2,In-Store,2,5,1.0,Medium,Somewhat Sensitive,0,5,Medium,Desktop,Credit Card,2024-12-21,False,True,Impulsive,No Preference,7,Unknown,36-45
09-332-0236,47,Female,Middle,Divorced,Master's,Middle,San Marcos,Baby Products,51.86,4,Mixed,3,5,0.2,Medium,Not Sensitive,2,6,High,Tablet,Credit Card,2024-12-25,False,True,Need-based,No Preference,6,US,46-55
46-662-1571,40,Female,Middle,Widowed,Master's,Middle,La Laja,Packages),300.73,8,Online,4,2,1.0,Low,Somewhat Sensitive,2,9,High,Desktop,Cash,2024-03-31,True,True,Need-based,No Preference,10,Unknown,36-45
20-699-9217,28,Female,High,Married,High School,Middle,San Juan del Cesar,Packages),356.87,12,Mixed,1,4,0.0,High,Not Sensitive,1,9,Medium,Smartphone,Debit Card,2024-10-12,False,True,Impulsive,Standard,10,CO,26-35
26-150-0209,28,Male,Middle,Widowed,High School,Middle,Taiyigong,Clothing,82.37,6,Mixed,1,1,1.0,Medium,Not Sensitive,0,4,Medium,Smartphone,Credit Card,2024-12-25,False,False,Impulsive,Standard,2,Unknown,26-35
94-985-5336,29,Female,High,Divorced,Bachelor's,High,Gävle,Clothing,372.6,3,Mixed,4,5,1.0,High,Very Sensitive,2,6,Low,Tablet,PayPal,2024-01-11,True,True,Planned,Express,10,SE,26-35
97-715-3606,29,Female,Middle,Widowed,High School,High,Tayabamba,Animal Feed,78.32,9,Online,2,4,2.0,Low,Somewhat Sensitive,2,10,Low,Smartphone,PayPal,2024-07-29,False,True,Need-based,Standard,7,Unknown,26-35
02-100-4320,32,Female,High,Single,Master's,High,Majennang,Baby Products,71.72,12,Online,3,5,1.0,High,Somewhat Sensitive,2,5,Low,Tablet,PayPal,2024-01-11,True,True,Wants-based,Express,13,Unknown,26-35
62-644-8183,50,Female,Middle,Married,Master's,High,Haradok,Toys & Games,490.41,7,Online,3,5,1.0,Medium,Very Sensitive,1,10,Low,Tablet,Other,2024-10-22,True,False,Planned,Standard,5,Unknown,46-55
59-971-0799,48,Male,Middle,Divorced,Bachelor's,High,Vichuga,Health Supplements,476.42,7,In-Store,1,1,1.0,High,Very Sensitive,0,2,High,Desktop,Debit Card,2024-09-09,True,False,Need-based,Standard,2,RU,46-55
64-031-2046,29,Female,High,Divorced,Master's,High,Luci,Beauty & Personal Care,392.27,5,Mixed,4,5,1.0,High,Not Sensitive,0,2,Low,Tablet,Other,2024-07-17,True,False,Wants-based,No Preference,7,Unknown,26-35
62-720-2922,30,Male,High,Widowed,Bachelor's,High,Cabanas,Home Appliances,244.47,5,Online,3,4,1.0,High,Very Sensitive,1,5,Low,Smartphone,Cash,2024-06-23,False,False,Impulsive,No Preference,4,Unknown,26-35
47-528-3961,24,Male,High,Married,Master's,High,Faīẕābād,Gardening & Outdoors,251.63,9,Online,3,1,0.0,Low,Not Sensitive,0,2,High,Desktop,Credit Card,2024-08-23,True,True,Need-based,Express,10,Unknown,18-25
21-808-2293,30,Male,Middle,Divorced,Bachelor's,Middle,Sukumo,Toys & Games,431.78,12,Online,1,3,1.0,Medium,Very Sensitive,1,8,Low,Smartphone,PayPal,2024-02-15,True,False,Impulsive,No Preference,7,JP,26-35
25-866-7286,30,Female,Middle,Divorced,Master's,High,Carrefour,Electronics,211.39,10,Online,4,5,1.0,Medium,Not Sensitive,0,1,Low,Desktop,Other,2024-05-10,True,False,Planned,Express,1,HT,26-35
72-694-4159,39,Female,Middle,Married,Bachelor's,Middle,Tewulike,Electronics,379.21,9,Mixed,1,5,1.0,Low,Somewhat Sensitive,1,1,High,Smartphone,PayPal,2024-09-18,True,True,Impulsive,No Preference,1,Unknown,36-45
47-460-8015,48,Male,Middle,Divorced,Master's,High,Yaizu,Books,359.45,6,Online,4,1,2.0,Low,Not Sensitive,1,8,Medium,Desktop,Other,2024-03-06,False,False,Impulsive,Standard,11,JP,46-55
06-061-0023,20,Female,High,Widowed,High School,Middle,Kembé,Hotels,479.62,8,In-Store,3,1,2.0,High,Not Sensitive,1,3,Low,Tablet,Other,2024-04-19,False,False,Planned,Express,10,Unknown,18-25
60-005-5187,25,Male,Middle,Single,High School,High,Bailadores,Electronics,197.9,3,Mixed,2,1,2.0,Medium,Not Sensitive,0,8,High,Desktop,Debit Card,2024-01-18,True,True,Wants-based,Standard,14,VE,18-25
24-371-5870,49,Male,Middle,Single,Bachelor's,High,Masuda,Home Appliances,362.3,7,Online,4,2,0.2,Low,Not Sensitive,0,4,Low,Tablet,Other,2024-09-30,True,True,Planned,Standard,6,JP,46-55
02-055-8248,25,Female,High,Divorced,Bachelor's,High,Martanesh,Health Supplements,159.53,11,Mixed,3,4,2.0,Low,Very Sensitive,0,3,Low,Desktop,Cash,2024-04-27,True,True,Impulsive,Express,7,Unknown,18-25
48-271-1908,40,Other,High,Single,Bachelor's,High,Oke Ila,Baby Products,308.58,11,Online,2,5,2.0,Medium,Not Sensitive,0,7,Medium,Smartphone,Debit Card,2024-05-21,False,True,Need-based,Express,12,NG,36-45
53-595-7635,25,Female,High,Divorced,High School,Middle,Pingtang,Luxury Goods,455.44,7,Mixed,4,2,1.0,Low,Very Sensitive,2,3,Low,Smartphone,Other,2024-05-07,False,False,Need-based,No Preference,3,Unknown,18-25
08-185-6608,32,Female,High,Divorced,Master's,Middle,Podbrdo,Baby Products,468.16,8,Online,3,5,1.0,Low,Somewhat Sensitive,1,5,High,Desktop,Credit Card,2024-01-22,False,False,Planned,Standard,2,Unknown,26-35
41-366-4205,50,Female,High,Single,High School,Middle,Paquera,Gardening & Outdoors,69.78,9,Mixed,4,3,2.0,Low,Very Sensitive,0,6,Low,Tablet,Cash,2024-03-28,True,False,Wants-based,No Preference,9,Unknown,46-55
77-241-7621,26,Male,High,Married,Bachelor's,High,Warudoyong,Food & Beverages,453.37,10,Mixed,1,1,2.0,Low,Very Sensitive,0,6,High,Desktop,Credit Card,2024-03-11,True,True,Wants-based,Express,9,Unknown,26-35
53-091-2176,21,Female,High,Widowed,Bachelor's,Middle,Béziers,Baby Products,106.15,12,In-Store,4,4,0.3,Low,Somewhat Sensitive,0,5,Medium,Desktop,Cash,2024-03-30,True,True,Impulsive,Standard,8,FR,18-25
48-203-9118,21,Female,Middle,Single,High School,High,Dongzhou,Health Care,378.47,6,Online,5,2,0.33,Medium,Not Sensitive,1,10,Low,Tablet,Other,2024-12-08,False,False,Planned,Express,2,Unknown,18-25
